name,current_bid,opening_bid,estimate_bid,buy_it_now,end_time,description,images,url,commission,vat_rate,has_buy_it_now,has_estimate,has_current_bid,has_opening_bid,ebay_lowest_price,suggested_price,price_source,ebay_url,google_url,all_prices
"AS NEW MICROSOFT SURFACE LAPTOP GO 3 LAPTOP IN ICE BLUE WITH INTEL CORE I5 12TH GEN CPU, 16GB RAM, 2",None,200,200 GBP - 300 GBP,Unknown,"Bidding ends:
18 Feb 2025 12:00 GMT","As new Microsoft Surface Laptop Go 3 Laptop in Ice Blue with Intel Core i5 12th Gen CPU, 16GB RAM, 256GB SSD (Box sealed) (P/N: XKQ-00061 S/N: 0B33DRD24303GP EAN: 196388184965).",['https://portal-images.azureedge.net/auctions-2025/ibbc10376/images/0e631729-f927-4d29-b9a2-b2810103fbd8.jpg?w=540&h=360'],https://www.i-bidder.com/en-gb/auction-catalogues/bcva/catalogue-id-ibbc10376/lot-71da4989-b248-4abd-bb09-b28000e5efca,25.00,20.00,,TRUE,TRUE,TRUE,£482.08,£472.44,ebay_sold,https://www.ebay.co.uk/itm/356454292131?_skw=as+microsoft+surface+laptop+go+laptop+in+ice+blue+with+intel+core+i5+12th+gen+cpu%2C+16gb+ram%2C&itmmeta=01JM0XYZ9TMSA1144KPWH6R1AX&hash=item52fe54daa3:g:ZaUAAOSwaYFngRQS&itmprp=enc%3AAQAKAAABQFkggFvd1GGDu0w3yXCmi1en9Nh0zPoK1%2F1RUv62fimstnC0s3mv250ye%2F9TnrI5wpMSesGLzr%2B2OrsfTE%2BEMiEv83cwT2BOO7q9O1NDdgnyho9N1RlEU4xDOayv%2FogRwOnqgtdauwwsDil6%2FC6Q9jcfQCIO9LxZC5PM3hDrFnJ%2FClJPWawbQYGZUESm%2FDX0hfsB7JbaGi0rHRTxmverY%2B6W3bIKvapQmVXy%2Bq5W1KYWN%2FL9rKiyBagE10OlJh2rY0%2Fw%2FWSzRrdumGDqT8pPbA7xfYYAWPFAKbReG0cwl99U94mRJxyOAFf18dcy8BqGOO%2BKxdPYAgFsENHNIJFiA%2B%2BD7Y%2BoHUVeDmeBEPiHx%2BhElWXmA6khOZNEY%2Fz6ePfgBWiHla9GSdTCnD6CmAdNQAO0U0Bf2%2BxD8lwpAIAa%2FSMC%7Ctkp%3ABk9SR_70-52gZQ,,"['£91.19', '£241.03', '£482.08', '£157.88', '£421.82', '£438.29', '£345.49', '£586.53']"
"AS NEW SAMSUNG GALAXY TAB A9+ SM-X210 11"" WI-FI 64GB TABLET IN GRAPHITE (EAN: 8806095488868) (BOX SE",30,35,30 GBP - 50 GBP,Unknown,"Bidding ends:
18 Feb 2025 12:00 GMT","As new Samsung Galaxy Tab A9+ SM-X210 11"" Wi-Fi 64GB Tablet in Graphite (EAN: 8806095488868) (Box sealed, some damage to packaging).",['https://portal-images.azureedge.net/auctions-2025/ibbc10376/images/1a02513b-7790-43e6-86ab-b2810103fe25.jpg?w=540&h=360'],https://www.i-bidder.com/en-gb/auction-catalogues/bcva/catalogue-id-ibbc10376/lot-06617433-d571-49a3-860c-b28000e5f145,25.00,20.00,,TRUE,TRUE,TRUE,£96.41,£94.48,ebay_sold,https://www.ebay.co.uk/itm/256807384140?_skw=as+samsung+galaxy+tab+a9++sm-x210+11%22+wi-fi+64gb+tablet+in+graphite+%28box+se&epid=15073199551&itmmeta=01JM0XZ5HFWFPZRX628TW04H8G&hash=item3bcae9b44c:g:~wYAAOSwF7xnpNaC&itmprp=enc%3AAQAKAAABMFkggFvd1GGDu0w3yXCmi1dAhVMXBPai1eZXecEDFzfyzQXSJE5z3YtO1qWWrXPgvaQX8ggdOYbJA4kPaCEXyuQfg%2FAvY08HNemomCY7B753wSSAFqS%2BUYBxFzNg%2FG64itThOZuLwOgUSvi3DinvBXoMzxcwKQavLe0c9Syx9U5GkMyPuiJ8G4ayZDUQblbnTe9%2FKkiEGFKjvN4ku%2Fc6ciqYHYnLqwXB56n5dpVmq5pBQ64IXO455xuDJv%2BuwsYzrC9K%2FikFTKlQoY31uAC4IipLASPMPtJx5jCrthOnEDyJzWVCeV4QXsAcruJzEFgIQn68reanu2VB4rKfgpl%2FINeFMHO%2Fn33JYoZ477VBqSCGC5pAvHmggE3ZfM3xXYzMLiDJ8r6qCPHl6iLWDDmPExc%3D%7Ctkp%3ABk9SR_DY_J2gZQ,,"['£23.57', '£86.37', '£84.36', '£104.44', '£94.41', '£98.79', '£96.41', '£5.99']"
AS NEW GPS NETWORKING EQUIPMENT: L1/L2VGPNRRKAMP-T/5.0/240 VARIABLE GAIN NETWORKED RE-RADIATING AMPL,None,220,220 GBP - 260 GBP,Unknown,"Bidding ends:
18 Feb 2025 12:01 GMT","As new GPS Networking Equipment: L1/L2VGPNRRKAMP-T/5.0/240 Variable Gain Networked Re-Radiating Amplifier, LDCBS1X2-T Passive 1x2 Splitter, L1/L2GRRKPA-T - L1/L2 Galileo Glonass Passive GPS Antenna",['https://portal-images.azureedge.net/auctions-2025/ibbc10376/images/38fc441a-f5b8-4c58-b8b9-b2810103fedc.jpg?w=540&h=360'],https://www.i-bidder.com/en-gb/auction-catalogues/bcva/catalogue-id-ibbc10376/lot-ed44eec8-9a44-4933-99c2-b28000e5f1a8,25.00,20.00,,TRUE,TRUE,TRUE,,,ebay_sold,https://ebay.com/itm/123456?itmmeta=012DEW30YG0MEEKND7NH&hash=item123546:g:acwAA9KNiJowH:sc:ShippingMethodStandard!95008!US!-1&itmprp=enc%3AbgepL1tlUHjMGCVfSTGJh%2BzsVKeJ3CQk7NizDI4BZeppuFnmyS6Ijyp8lh%2FnEw%2BWqO7uTV1Q6izE1R0T54aV8j71F4xlWfVcGft4%2FiOQhtqVXA1rW6M1atPARQRmhqUxtEPJKhKtSFgI%2Bvwlzb0GwVCtkp%3ABlBMUObkmabpYw,,"['£20.77', '£24.94', '£100.13', '£24.94', '£26.51', '£28.99', '£20.95', '£25.84']"
AS NEW HID SIGNO 40 SMARTCARD READER (P/N: 40NKS-02-0002BL) (EAN: 639399034572).,6,7,5 GBP - 10 GBP,Unknown,"Bidding ends:
18 Feb 2025 12:01 GMT",As new HID Signo 40 Smartcard Reader (P/N: 40NKS-02-0002BL) (EAN: 639399034572).,['https://portal-images.azureedge.net/auctions-2025/ibbc10376/images/f807418d-14f6-41de-a66e-b28200c40fd3.jpg?w=540&h=360'],https://www.i-bidder.com/en-gb/auction-catalogues/bcva/catalogue-id-ibbc10376/lot-e6d44a9a-b203-4e52-b503-b28000e5f237,25.00,20.00,,TRUE,TRUE,TRUE,£80.35,£78.74,ebay_sold,https://www.ebay.co.uk/itm/205170524337?_skw=as+hid+signo+40+smartcard+reader+.&epid=3039999557&itmmeta=01JM0XZV8W24DKZRC2FC9GPC65&hash=item2fc51dc0b1:g:vjQAAOSwNdhnU9CQ&itmprp=enc%3AAQAKAAAA4FkggFvd1GGDu0w3yXCmi1eiMpABNPGR%2BjaDOs09OMIZOXHajPZG%2FN5jVw3OckCZMoT0WKYZ6S51JuHmMp0kLylndmDQ7ScqgCJTCnK9J%2BTbet1wI5B3Q9yJsbRvYv%2FWEV3RCB0%2FnR0SC%2Bqrojx6tXdZMYABjhUbPv3Fhk%2B83B0QMQfkq%2BKmXY%2FKAfVUkCeXjx3tl%2BbcgcisWp%2FuHhyF%2Bmj8uAQUNWmCt5HCfSefOzawb2ZQQOu%2FidTJMcXKTtmjL8Zvt94NyzOMF0MQnYwoWMP2C%2FbIcQd8eC0juB7BIHfF%7Ctkp%3ABk9SR8a0_52gZQ,,"['£68.29', '£72.31', '£100.43', '£59.46', '£72.31', '£68.29', '£108.47', '£80.35']"
AS NEW HID SIGNO 40 SMARTCARD READER (P/N: 40NKS-02-0002BL) (EAN: 639399034572).,6,7,5 GBP - 10 GBP,Unknown,"Bidding ends:
18 Feb 2025 12:01 GMT",As new HID Signo 40 Smartcard Reader (P/N: 40NKS-02-0002BL) (EAN: 639399034572).,['https://portal-images.azureedge.net/auctions-2025/ibbc10376/images/caab163a-0561-4761-9e8a-b28200c4276f.jpg?w=540&h=360'],https://www.i-bidder.com/en-gb/auction-catalogues/bcva/catalogue-id-ibbc10376/lot-2f82838a-7989-4433-8710-b28000e5f2ac,25.00,20.00,,TRUE,TRUE,TRUE,£80.35,£78.74,ebay_sold,https://www.ebay.co.uk/itm/205170524337?_skw=as+hid+signo+40+smartcard+reader+.&epid=3039999557&itmmeta=01JM0XZV8W24DKZRC2FC9GPC65&hash=item2fc51dc0b1:g:vjQAAOSwNdhnU9CQ&itmprp=enc%3AAQAKAAAA4FkggFvd1GGDu0w3yXCmi1eiMpABNPGR%2BjaDOs09OMIZOXHajPZG%2FN5jVw3OckCZMoT0WKYZ6S51JuHmMp0kLylndmDQ7ScqgCJTCnK9J%2BTbet1wI5B3Q9yJsbRvYv%2FWEV3RCB0%2FnR0SC%2Bqrojx6tXdZMYABjhUbPv3Fhk%2B83B0QMQfkq%2BKmXY%2FKAfVUkCeXjx3tl%2BbcgcisWp%2FuHhyF%2Bmj8uAQUNWmCt5HCfSefOzawb2ZQQOu%2FidTJMcXKTtmjL8Zvt94NyzOMF0MQnYwoWMP2C%2FbIcQd8eC0juB7BIHfF%7Ctkp%3ABk9SR8a0_52gZQ,,"['£68.29', '£72.31', '£100.43', '£59.46', '£72.31', '£68.29', '£108.47', '£80.35']"
AS NEW HID SIGNO 40 SMARTCARD READER (P/N: 40NKS-02-0002BL) (EAN: 639399034572).,6,7,5 GBP - 10 GBP,Unknown,"Bidding ends:
18 Feb 2025 12:01 GMT",As new HID Signo 40 Smartcard Reader (P/N: 40NKS-02-0002BL) (EAN: 639399034572).,['https://portal-images.azureedge.net/auctions-2025/ibbc10376/images/d34f4f5e-b275-4b30-94f1-b28200c4340d.jpg?w=540&h=360'],https://www.i-bidder.com/en-gb/auction-catalogues/bcva/catalogue-id-ibbc10376/lot-4975ca32-1a84-4596-9d13-b28000e5f319,25.00,20.00,,TRUE,TRUE,TRUE,£80.35,£78.74,ebay_sold,https://www.ebay.co.uk/itm/205170524337?_skw=as+hid+signo+40+smartcard+reader+.&epid=3039999557&itmmeta=01JM0XZV8W24DKZRC2FC9GPC65&hash=item2fc51dc0b1:g:vjQAAOSwNdhnU9CQ&itmprp=enc%3AAQAKAAAA4FkggFvd1GGDu0w3yXCmi1eiMpABNPGR%2BjaDOs09OMIZOXHajPZG%2FN5jVw3OckCZMoT0WKYZ6S51JuHmMp0kLylndmDQ7ScqgCJTCnK9J%2BTbet1wI5B3Q9yJsbRvYv%2FWEV3RCB0%2FnR0SC%2Bqrojx6tXdZMYABjhUbPv3Fhk%2B83B0QMQfkq%2BKmXY%2FKAfVUkCeXjx3tl%2BbcgcisWp%2FuHhyF%2Bmj8uAQUNWmCt5HCfSefOzawb2ZQQOu%2FidTJMcXKTtmjL8Zvt94NyzOMF0MQnYwoWMP2C%2FbIcQd8eC0juB7BIHfF%7Ctkp%3ABk9SR8a0_52gZQ,,"['£68.29', '£72.31', '£100.43', '£59.46', '£72.31', '£68.29', '£108.47', '£80.35']"
AS NEW HID SIGNO 40 SMARTCARD READER (P/N: 40NKS-02-0002BL) (EAN: 639399034572).,6,7,5 GBP - 10 GBP,Unknown,"Bidding ends:
18 Feb 2025 12:02 GMT",As new HID Signo 40 Smartcard Reader (P/N: 40NKS-02-0002BL) (EAN: 639399034572).,['https://portal-images.azureedge.net/auctions-2025/ibbc10376/images/d7e19a80-b3e3-4c70-a4fe-b28200c43ccc.jpg?w=540&h=360'],https://www.i-bidder.com/en-gb/auction-catalogues/bcva/catalogue-id-ibbc10376/lot-76f92a7b-09bf-4c41-8df4-b28000e5f382,25.00,20.00,,TRUE,TRUE,TRUE,£80.35,£78.74,ebay_sold,https://www.ebay.co.uk/itm/205170524337?_skw=as+hid+signo+40+smartcard+reader+.&epid=3039999557&itmmeta=01JM0XZV8W24DKZRC2FC9GPC65&hash=item2fc51dc0b1:g:vjQAAOSwNdhnU9CQ&itmprp=enc%3AAQAKAAAA4FkggFvd1GGDu0w3yXCmi1eiMpABNPGR%2BjaDOs09OMIZOXHajPZG%2FN5jVw3OckCZMoT0WKYZ6S51JuHmMp0kLylndmDQ7ScqgCJTCnK9J%2BTbet1wI5B3Q9yJsbRvYv%2FWEV3RCB0%2FnR0SC%2Bqrojx6tXdZMYABjhUbPv3Fhk%2B83B0QMQfkq%2BKmXY%2FKAfVUkCeXjx3tl%2BbcgcisWp%2FuHhyF%2Bmj8uAQUNWmCt5HCfSefOzawb2ZQQOu%2FidTJMcXKTtmjL8Zvt94NyzOMF0MQnYwoWMP2C%2FbIcQd8eC0juB7BIHfF%7Ctkp%3ABk9SR8a0_52gZQ,,"['£68.29', '£72.31', '£100.43', '£59.46', '£72.31', '£68.29', '£108.47', '£80.35']"
AS NEW HID SIGNO 40 SMARTCARD READER (P/N: 40NKS-02-0002BL) (EAN: 639399034572).,6,7,5 GBP - 10 GBP,Unknown,"Bidding ends:
18 Feb 2025 12:02 GMT",As new HID Signo 40 Smartcard Reader (P/N: 40NKS-02-0002BL) (EAN: 639399034572).,['https://portal-images.azureedge.net/auctions-2025/ibbc10376/images/58404a63-bef5-49bd-ac28-b28200c446a0.jpg?w=540&h=360'],https://www.i-bidder.com/en-gb/auction-catalogues/bcva/catalogue-id-ibbc10376/lot-4e1bc3c8-0382-4d02-86f8-b28000e5f3f3,25.00,20.00,,TRUE,TRUE,TRUE,£80.35,£78.74,ebay_sold,https://www.ebay.co.uk/itm/205170524337?_skw=as+hid+signo+40+smartcard+reader+.&epid=3039999557&itmmeta=01JM0XZV8W24DKZRC2FC9GPC65&hash=item2fc51dc0b1:g:vjQAAOSwNdhnU9CQ&itmprp=enc%3AAQAKAAAA4FkggFvd1GGDu0w3yXCmi1eiMpABNPGR%2BjaDOs09OMIZOXHajPZG%2FN5jVw3OckCZMoT0WKYZ6S51JuHmMp0kLylndmDQ7ScqgCJTCnK9J%2BTbet1wI5B3Q9yJsbRvYv%2FWEV3RCB0%2FnR0SC%2Bqrojx6tXdZMYABjhUbPv3Fhk%2B83B0QMQfkq%2BKmXY%2FKAfVUkCeXjx3tl%2BbcgcisWp%2FuHhyF%2Bmj8uAQUNWmCt5HCfSefOzawb2ZQQOu%2FidTJMcXKTtmjL8Zvt94NyzOMF0MQnYwoWMP2C%2FbIcQd8eC0juB7BIHfF%7Ctkp%3ABk9SR8a0_52gZQ,,"['£68.29', '£72.31', '£100.43', '£59.46', '£72.31', '£68.29', '£108.47', '£80.35']"
PRE-OWNED CISCO MERAKI MR33 DUAL-BAND WIRELESS ACCESS POINT (P/N: MR33-HW) (UN-REGISTERED. BOXED).,None,20,20 GBP - 40 GBP,Unknown,"Bidding ends:
18 Feb 2025 12:02 GMT",Pre-owned Cisco Meraki MR33 Dual-Band Wireless Access Point (P/N: MR33-HW) (Un-registered. Boxed).,['https://portal-images.azureedge.net/auctions-2025/ibbc10376/images/bbc06d8b-1c39-448c-96ce-b28101040353.jpg?w=540&h=360'],https://www.i-bidder.com/en-gb/auction-catalogues/bcva/catalogue-id-ibbc10376/lot-fee2288b-4193-4e6d-a2ff-b28000e5f473,25.00,20.00,,TRUE,TRUE,TRUE,£40.17,£39.37,ebay_sold,https://www.ebay.co.uk/itm/126813648075?_skw=pre-owned+cisco+meraki+mr33+dual-band+wireless+access+point+.&epid=5030654592&itmmeta=01JM0XZH0FM2H8YSAAXYE6RWNY&hash=item1d86aeb4cb:g:qX8AAOSwgT1nUNad&itmprp=enc%3AAQAKAAABAFkggFvd1GGDu0w3yXCmi1eq9F65ASpTgAO5x%2F6VXF0Zr4yooyBNyaWPiGJQwzKcXcJdyCPAfSlTcBcRfqGJVFNZqxPCpiA9PDQ4rOa2kSyKQ5%2Bvsvq2%2BnKedcKMnQAYlXKjER3W%2BVHiQ4RkMCVLWlJc374OHTQtFr5IQYVU2kPUZSmgP3Ga%2FTWNuVX0j35N9%2F2PZMcToTSv%2BzjgMZit6AG8sSj1eU%2B8I0KGOuo9kskZC092vwQkRBJMldp58gsMpbTzvdR4yrHFz9DZc1mu5TDMUe8Sy6%2BB4bseNmek%2Fsj0v91d0Z7zbxa4Qa%2FEscmgRK04P90FvRJH64bK5LenxK0%3D%7Ctkp%3ABk9SR6yQ_p2gZQ,,"['£10.84', '£100.43', '£44.19', '£344.69', '£136.59', '£40.17', '£48.17', '£192.74']"
PRE-OWNED CISCO MERAKI MR33 DUAL-BAND WIRELESS ACCESS POINT (P/N: MR33-HW) (UN-REGISTERED. BOXED).,None,20,20 GBP - 40 GBP,Unknown,"Bidding ends:
18 Feb 2025 12:02 GMT",Pre-owned Cisco Meraki MR33 Dual-Band Wireless Access Point (P/N: MR33-HW) (Un-registered. Boxed).,['https://portal-images.azureedge.net/auctions-2025/ibbc10376/images/c0fd136c-427b-4424-99ef-b2810104041b.jpg?w=540&h=360'],https://www.i-bidder.com/en-gb/auction-catalogues/bcva/catalogue-id-ibbc10376/lot-f5457a36-b59f-45f2-85ac-b28000e5f4d1,25.00,20.00,,TRUE,TRUE,TRUE,£40.17,£39.37,ebay_sold,https://www.ebay.co.uk/itm/126813648075?_skw=pre-owned+cisco+meraki+mr33+dual-band+wireless+access+point+.&epid=5030654592&itmmeta=01JM0XZH0FM2H8YSAAXYE6RWNY&hash=item1d86aeb4cb:g:qX8AAOSwgT1nUNad&itmprp=enc%3AAQAKAAABAFkggFvd1GGDu0w3yXCmi1eq9F65ASpTgAO5x%2F6VXF0Zr4yooyBNyaWPiGJQwzKcXcJdyCPAfSlTcBcRfqGJVFNZqxPCpiA9PDQ4rOa2kSyKQ5%2Bvsvq2%2BnKedcKMnQAYlXKjER3W%2BVHiQ4RkMCVLWlJc374OHTQtFr5IQYVU2kPUZSmgP3Ga%2FTWNuVX0j35N9%2F2PZMcToTSv%2BzjgMZit6AG8sSj1eU%2B8I0KGOuo9kskZC092vwQkRBJMldp58gsMpbTzvdR4yrHFz9DZc1mu5TDMUe8Sy6%2BB4bseNmek%2Fsj0v91d0Z7zbxa4Qa%2FEscmgRK04P90FvRJH64bK5LenxK0%3D%7Ctkp%3ABk9SR6yQ_p2gZQ,,"['£10.84', '£100.43', '£44.19', '£344.69', '£136.59', '£40.17', '£48.17', '£192.74']"
AS NEW SENNHEISER HD 250BT WIRELESS HEADPHONES (EAN: 4044155252507).,15,16,15 GBP - 30 GBP,Unknown,"Bidding ends:
18 Feb 2025 12:03 GMT",As new Sennheiser HD 250BT Wireless Headphones (EAN: 4044155252507).,['https://portal-images.azureedge.net/auctions-2025/ibbc10376/images/418806a8-b38f-433d-ac15-b28101040527.jpg?w=540&h=360'],https://www.i-bidder.com/en-gb/auction-catalogues/bcva/catalogue-id-ibbc10376/lot-43661b45-6258-4e82-af93-b28000e5f555,25.00,20.00,,TRUE,TRUE,TRUE,,,ebay_sold,https://ebay.com/itm/123456?itmmeta=012DEW30YG0MEEKND7NH&hash=item123546:g:acwAA9KNiJowH:sc:ShippingMethodStandard!95008!US!-1&itmprp=enc%3AbgepL1tlUHjMGCVfSTGJh%2BzsVKeJ3CQk7NizDI4BZeppuFnmyS6Ijyp8lh%2FnEw%2BWqO7uTV1Q6izE1R0T54aV8j71F4xlWfVcGft4%2FiOQhtqVXA1rW6M1atPARQRmhqUxtEPJKhKtSFgI%2Bvwlzb0GwVCtkp%3ABlBMUObkmabpYw,,"['£6.99', '£199.00', '£2.98', '£630.00', '£34.99', '£3.46', '£41.72', '£84.26']"
AS NEW SENNHEISER ACCENTUM WIRELESS ANC HEADPHONES (EAN: 4260752330558).,30,35,30 GBP - 50 GBP,Unknown,"Bidding ends:
18 Feb 2025 12:04 GMT",As new Sennheiser ACCENTUM Wireless ANC Headphones (EAN: 4260752330558).,['https://portal-images.azureedge.net/auctions-2025/ibbc10376/images/cdfa7151-094c-4d84-9983-b281010edb1d.png?w=540&h=360'],https://www.i-bidder.com/en-gb/auction-catalogues/bcva/catalogue-id-ibbc10376/lot-9cb253ef-8d0c-44a4-b0a7-b28000e5f72f,25.00,20.00,,TRUE,TRUE,TRUE,£80.31,£78.70,ebay_sold,https://www.ebay.co.uk/itm/256785024028?_skw=as+sennheiser+accentum+wireless+anc+headphones+.&epid=20056458677&itmmeta=01JM0XZTYDDRTSTK5XERAP5W25&hash=item3bc994841c:g:CXEAAOSwc~RniOz1&itmprp=enc%3AAQAKAAAA8FkggFvd1GGDu0w3yXCmi1c%2B3%2Bhea2uneD0WkpWfN5l4dFx2RJSgRB4RXa4Tfs2HnWUfLEXniVknHB9kjMHJheM3M7aJBI8weTjUJrGNOCY64xV3w%2FSzlL6I7se%2FQ3y7l2xyM0TTxA%2F2MHcqgyzKL4UMBntpd9EsUXqi6RyhdM91P04OJKxIxxHLHH4POCeBI46qq97pZxnp%2BWbxyAtCUwJqrOk4OAkX8yWldXfmvoqnrhqFTf0YITrs60ThxpZ7bcLK%2Bw0d1UyaE7Yb1OFnb2yWIkVm6%2B5iugTsjGes3yJ51M32gx5tFgH5xISruO1mVw%3D%3D%7Ctkp%3ABk9SR6yv_52gZQ,,"['£87.74', '£72.30', '£248.27', '£80.31', '£81.15', '£84.20', '£55.00', '£122.53']"
"AS NEW LENOVO IDEAPAD SLIM 3 14"" FHD LAPTOP IN ABYSS BLUE WITH INTEL N100, 4GB RAM, 128GB SSD, WINDO",30,35,30 GBP - 50 GBP,Unknown,"Bidding ends:
18 Feb 2025 12:04 GMT","As new Lenovo IdeaPad Slim 3 14"" FHD Laptop in Abyss Blue with Intel N100, 4GB RAM, 128GB SSD, Windows 11 Home in S mode (Box open, UK charger included) (EAN:197530716515 S/N: SPF4LP3FD).",['https://portal-images.azureedge.net/auctions-2025/ibbc10376/images/8b1f5c9c-0a62-4b8d-a2fe-b281010407ef.jpg?w=540&h=360'],https://www.i-bidder.com/en-gb/auction-catalogues/bcva/catalogue-id-ibbc10376/lot-a99f4678-4d5d-4651-97b0-b28000e5f7ba,25.00,20.00,,TRUE,TRUE,TRUE,£128.55,£125.98,ebay_sold,https://www.ebay.co.uk/itm/296817632763?_skw=as+lenovo+ideapad+slim+14%22+fhd+laptop+in+abyss+blue+with+intel+n100%2C+4gb+ram%2C+128gb+ssd%2C+windo&itmmeta=01JM0XYZ8MDT3G7E0T1847ZX1J&hash=item451bb5a5fb:g:WWwAAOSwh9RnNoGA&itmprp=enc%3AAQAKAAABIFkggFvd1GGDu0w3yXCmi1drsJCGs18qhvE%2B1IS3Ez8Zm8fET5Kz3RCCXX1i2x1Wvmh%2Fea9md7kb%2BVhT0pqmO5bWI9vmOoFjUxWBquqnz1xwIw2%2FOo7fVd2L777zbMbeTxInkJ9AGY4mMcEAB612pTVljGDINZr5z4yH5xPfJIdPLlFm7palyZrWFAIWzNo6CUjyHXgV5ilY3VIed4SbZ%2FNZrGvCThQV%2BxfR8xZnuslXXfTSdaC3XgCyy7clbaiunENcc%2FMe5Xi5minMfgKw1nkoWKKmoNir8w3tVz7iQOCL8ESJ%2BIH%2F3doeoz7HD0QSsQlcQ9TCLu%2FgP82RgdpcRYoQRteMLPuarXgMyEj65jHKRiCPH0S9G4yv%2FSdgZh7%2FXQ%3D%3D%7Ctkp%3ABk9SR7L0-52gZQ,,"['£128.55', '£40.17', '£11.25']"
AS NEW EXTRON IPCP PRO 250 XI IPCP PRO XI CONTROL PROCESSOR (P/N: 60-1911-01) (DAMAGED BOX).,None,40,40 GBP - 60 GBP,Unknown,"Bidding ends:
18 Feb 2025 12:06 GMT",As new Extron IPCP Pro 250 xi IPCP Pro xi Control Processor (P/N: 60-1911-01) (Damaged box).,['https://portal-images.azureedge.net/auctions-2025/ibbc10376/images/d77b14fb-70c6-414a-acce-b28101040c46.jpg?w=540&h=360'],https://www.i-bidder.com/en-gb/auction-catalogues/bcva/catalogue-id-ibbc10376/lot-deb25a30-0877-41bf-9bd2-b28000e5fb15,25.00,20.00,,TRUE,TRUE,TRUE,£200.87,£196.85,ebay_sold,https://www.ebay.co.uk/itm/316100671820?_skw=as+extron+ipcp+pro+250+xi+ipcp+pro+xi+control+processor+.&itmmeta=01JM0XZ4VD9XPZBB2V4JHJJMKK&hash=item499911794c:g:2N4AAOSwj5pnfG9~&itmprp=enc%3AAQAKAAABEFkggFvd1GGDu0w3yXCmi1fbz1TfXrBrviuskCHku81I%2FrvFXuzflS2w8%2Bz7c5T4reWlSLzfB8%2FIfxvXxHf0vh7WkdqP6Q4ZhtV8%2BjvXNLXwTeS3D%2FKic87gX4a%2FrmXxuh%2F7%2FPZt8v4rKN1NBkSOBzw3uqMhVinY2RqJ8deZTU4QywHoyuuNkx4lF8gD4KxpZ%2FRFh434Z5qmSZkKTRQTc3v%2FF8igfSRCDLF%2BwUi9PnZaL3zvpjv847JkbNu1Aij0OsawxpuOSRrS%2BiQlcGa4GSEXY7WDfxMqkq%2F6lB2l9Pl0HyrlaDgvTDn56wYKiy%2F3DDp1zDWFJFBF1xnZLp%2FEexW9ikwY%2Bs8fPbhEl8Q%2B4Wtw%7Ctkp%3ABk9SR-TN_J2gZQ,,"['£522.26', '£400.93', '£112.49', '£200.87', '£400.93']"
AS NEW GOPRO HERO 4K ACTION CAMERA (BOX SEALED) (EAN: 810116381869).,45,50,40 GBP - 60 GBP,Unknown,"Bidding ends:
18 Feb 2025 12:08 GMT",As new GoPro Hero 4K Action Camera (Box sealed) (EAN: 810116381869).,['https://portal-images.azureedge.net/auctions-2025/ibbc10376/images/62efbe18-004e-42d6-85c2-b28101041181.jpg?w=540&h=360'],https://www.i-bidder.com/en-gb/auction-catalogues/bcva/catalogue-id-ibbc10376/lot-9df6e005-1f95-45f3-bb5f-b28000e5fe9a,25.00,20.00,,TRUE,TRUE,TRUE,£132.57,£129.92,ebay_sold,https://www.ebay.co.uk/itm/116389588382?_skw=as+gopro+hero+4k+action+camera+.&itmmeta=01JM0XZ99GVRZHJATE2GQVJKV5&hash=item1b195c2d9e:g:ziEAAOSwBB5nM6XI&itmprp=enc%3AAQAKAAAA4FkggFvd1GGDu0w3yXCmi1dLl6%2Fq4EsyRdQ53%2Fb9%2BdXLfJJ3b%2FJtrdqw2w3mAYGIzwARUlw8f6zGSbaef6bKVBksun9p2p6ArzcaH9zF0ywM16nhGqs4wieLLhINfD2bvFyvX7%2BodtIaPSN%2FsbZcJyi0Z0%2BuOD6pgMKcyDuz%2FFAVKQzc0kqs%2B9M%2BNQM4HRMzbhF8UsWq4oOxGVo6hRA80zZLc%2BpZ2xDO%2BRRIQ%2BqOyGQVRty0nyW5OIlEZUXLbyf9W3ZlAK6UX67SlCvWRnYuJ3vRq6cPeBt1qAoJmVSHL1%2Bw%7Ctkp%3ABk9SR_SU_Z2gZQ,,"['£56.23', '£64.27', '£56.23', '£132.57', '£104.44', '£124.53', '£120.48', '£128.55']"
"AS NEW IPAD 8TH GEN 10.2"" (WI-FI + CELLULAR/ A2429) 32GB IN SPACE GREY (EAN: 190199808980) (SEALED,",60,65,50 GBP - 70 GBP,Unknown,"Bidding ends:
18 Feb 2025 12:08 GMT","As new iPad 8th Gen 10.2"" (Wi-Fi + Cellular/ A2429) 32GB in Space Grey (EAN: 190199808980) (Sealed, some damage to packaging) and an as new Tucano Up Plus Folio Case (EAN: 8020252116320).",['https://portal-images.azureedge.net/auctions-2025/ibbc10376/images/9f27b737-b546-453d-8a1e-b28101041212.jpg?w=540&h=360'],https://www.i-bidder.com/en-gb/auction-catalogues/bcva/catalogue-id-ibbc10376/lot-320b424c-9303-4da1-b124-b28000e5ff10,25.00,20.00,,TRUE,TRUE,TRUE,£3.99,£3.91,ebay_sold,https://www.ebay.co.uk/itm/355618007637?_skw=as+ipad+8th+gen+10.2%22+32gb+in+space+grey+%28sealed%2C&itmmeta=01JM0XZEY0FVSH387425DT94GJ&hash=item52cc7c2a55:g:OwwAAOSwXzVgZkmp&itmprp=enc%3AAQAKAAAA8FkggFvd1GGDu0w3yXCmi1dKJvBKKOvyKpltXa6UtoMbUg3OWxcKxwn6hMeMV6KFC%2BMa9azMnhc%2FXK7gIRoyHjHa6ShMMZjpqz5JgrDk6lQWoSG3Ki0ZoPFqCiZYVrUpSdHyaNPZckXRiHd5KQOLb5kQnAiB%2Bb8nErUDgaigaEpb%2F4zNmJN6y6soGU0dw5neFOSdDuDjXUJ%2B1hedDFDxnz8aIaGFbhO7zW1N9ypUptGNrkTXPqtkMERYiRCX7D7vSRdezPd2nKizEsMbX9MU8jGL2CYhsi8GDuBqIuLNjRjG%2Fp7ZhuMaFQHa0cvkyVdaLg%3D%3D%7Ctkp%3ABk9SR5Lv_Z2gZQ,,"['£5.76', '£6.99', '£141.85', '£3.99', '£7.99', '£4.90', '£2.89', '£156.58']"
"AS NEW DELL INSPIRON 15 3520 LAPTOP WITH INTEL CORE I3-1215U, INTEL UHD GRAPHICS, 8GB RAM, 256GB SSD",50,55,50 GBP - 70 GBP,Unknown,"Bidding ends:
18 Feb 2025 12:09 GMT","As new Dell Inspiron 15 3520 Laptop with Intel Core i3-1215U, Intel UHD Graphics, 8GB RAM, 256GB SSD, Windows 11 Home (Box open. UK charger included) (EAN: 5397184852491 S/N: 5NTN754).",['https://portal-images.azureedge.net/auctions-2025/ibbc10376/images/d1ca562b-75ab-40e4-b567-b281010413cf.jpg?w=540&h=360'],https://www.i-bidder.com/en-gb/auction-catalogues/bcva/catalogue-id-ibbc10376/lot-d9b4920b-ce7e-43a6-8c48-b28000e600ed,25.00,20.00,,TRUE,TRUE,TRUE,£200.86,£196.84,ebay_sold,https://www.ebay.co.uk/itm/256808994857?_skw=as+dell+inspiron+15+3520+laptop+with+intel+core+i3-1215u%2C+intel+uhd+graphics%2C+8gb+ram%2C+256gb+ssd&itmmeta=01JM0XZJTCFKJ0F9S549ED6JEH&hash=item3bcb024829:g:NGAAAOSwt3tnpomF&itmprp=enc%3AAQAKAAABIFkggFvd1GGDu0w3yXCmi1cVZck7Vq1SpHe9bZnRYV2YQhl%2BJLfmT1vwpyvgjF2hwIx%2FDc5Sw8D66Kly5qf29r9Jycx3af3jIjeFZWhYNdv0%2F%2BDfQ4WxeWT184d%2BU%2FDYEvVGv3%2Be%2FAyUoBt0X0N1OCGNJu6m2BO5dOnBx3Pl4Gzwkc7e7zIt8hlorsSu9WQV10558vsVkt02QB4TjMCQRG%2BNIz7Y5eAxyWuRkfA7ZcGgrtcX4QP29KLCLsV0HrB1F7k6qyUobN%2FvfL0kRYu--QC4HdWJ4ClSRV6QyygH7ny6QME%2BihxX5Hg9EASFEBjY6EklqcCLLL661yGevn3CdW9xJseLK32VTsXB6xYHcOdVFIchYKr0rnvmANMYd%2B84Sg%3D%3D%7Ctkp%3ABk9SR66t_p2gZQ,,"['£186.81', '£160.69', '£200.86', '£216.93', '£361.56', '£145.03', '£280.41', '£208.89']"
"PRE-OWNED ASUS VIVOBOOK GO E1504FA 15.6"" LAPTOP WITH AMD RYZEN 5 7520U PROCESSOR, 8GB RAM, 512 GB SS",40,45,40 GBP - 60 GBP,Unknown,"Bidding ends:
18 Feb 2025 12:09 GMT","Pre-owned ASUS Vivobook Go E1504FA 15.6"" Laptop with AMD Ryzen 5 7520U Processor, 8GB RAM, 512 GB SSD, Windows 10 Home (S/N: R4N0CV09Z916165) (Boxed, no charger included).",['https://portal-images.azureedge.net/auctions-2025/ibbc10376/images/db9f7beb-eb34-4a65-92a0-b2810104148e.jpg?w=540&h=360'],https://www.i-bidder.com/en-gb/auction-catalogues/bcva/catalogue-id-ibbc10376/lot-34f65593-e8d4-4fde-878d-b28000e6017d,25.00,20.00,,TRUE,TRUE,TRUE,£369.59,£362.20,ebay_sold,https://www.ebay.co.uk/itm/296646752195?_skw=pre-owned+asus+vivobook+go+e1504fa+15.6%22+laptop+with+amd+ryzen+7520u+processor%2C+8gb+ram%2C+512+gb+ss&itmmeta=01JM0XZQSZADBTGGYDYK8XSCAB&hash=item45118637c3:g:SXAAAOSwQ2Nm2a1k&itmprp=enc%3AAQAKAAABQFkggFvd1GGDu0w3yXCmi1ebNR6%2BHw9ld5PG2u0nwd6476827qOJr31PQGl6KN--riaunhRA0ZE36FwigPrLm%2FXN%2BEKIJs1v92J6iP6pJU0KaO1KqpHPcjlv0GGqwMM9y5IFuVHos6q7SARlJgQmcWX8q%2BudEz%2F0XjCDD1LSAwbduES4886bsFcWvyEw6mBaWVCS9GpBRLzYlmSdi1Va8MpagChQy67A0KpckkOhUdAHbT0u68%2Fgd9bYb%2FWCx13lyKYYi86Adw83Ydh0PZhhqUXmM%2FvXEJnZZh2Oaqo8l57g%2B7ahLN7YXboa5PkYsEtkj3omGofJGuegOCNeTg86mQXNOvnSetCUrY%2FRp08wwmeBZ3%2FHvnQ6e91iFRZ%2BroleCm5fO95ikYhy7ECbQeEXlkty%2F%2B6J892VuCyE%2F6WSz53%2F%7Ctkp%3ABk9SR479_p2gZQ,,"['£300.00', '£366.38', '£353.49', '£369.59', '£417.80', '£321.38', '£176.76', '£305.31']"
AS NEW HP USB-C G5 DOCKING STATION (BOX OPEN) (P/N: 5TW10AA#ABB EURO EAN: 193905208531),25,30,25 GBP - 45 GBP,Unknown,"Bidding ends:
18 Feb 2025 12:11 GMT",As new HP USB-C G5 Docking Station (Box open) (P/N: 5TW10AA#ABB EURO EAN: 193905208531),['https://portal-images.azureedge.net/auctions-2025/ibbc10376/images/ff862e85-efb3-4c62-bdbb-b281010418a8.jpg?w=540&h=360'],https://www.i-bidder.com/en-gb/auction-catalogues/bcva/catalogue-id-ibbc10376/lot-f9f0656b-014d-4bc0-972b-b28000e60421,25.00,20.00,,TRUE,TRUE,TRUE,£60.26,£59.05,ebay_sold,https://www.ebay.co.uk/itm/186886333430?_skw=as+hp+usb-c+g5+docking+station&epid=15034147213&itmmeta=01JM0XYZ9WNBZ03DYVXAT4HE58&hash=item2b834b23f6:g:nb0AAOSwwftnbuVk&itmprp=enc%3AAQAKAAABAFkggFvd1GGDu0w3yXCmi1cRYwhdgh0SS3Ox8gyqgoarePVaMcPrsiiUDjXpMrYiGXBZMiaCTlyNFo7JRb8QaB%2F3bjAj2TcRElDD6FBgOZTDdbXfYL91BlsxxGuCZ%2B1tqeO1IsWkIyqrpQyNSQXrDaZIp7Azz3fvYBLZow1ljmWxg%2FArM6YzxAru%2BGcn73Ax--OBF50HHMAprg5%2F0NDcKjbkms9dDWsXZWu5PvjaLoNgS3DNYCeUxj43kGQaUT6BNLGKXdZRdyttyjfuZf%2B0Qydsy1laQ2JF%2F5DGWNSOs4iTMOJpzLMltasWyhLGCJPEc7nQHhZQW4K%2FmIjQeRxSMxc%3D%7Ctkp%3ABk9SR6D1-52gZQ,,"['£36.16', '£16.87', '£67.50', '£60.26', '£40.13', '£36.89', '£17.68', '£39.96']"
AS NEW AMD RYZEN 5 8600G AM5 PROCESSOR (P/N: 100-100001237BOX EAN: 730143316163) (BOX SEALED),45,50,40 GBP - 60 GBP,Unknown,"Bidding ends:
18 Feb 2025 12:11 GMT",As new AMD Ryzen 5 8600G AM5 Processor (P/N: 100-100001237BOX EAN: 730143316163) (Box sealed),['https://portal-images.azureedge.net/auctions-2025/ibbc10376/images/aefe1996-c364-4e9b-a3c0-b281010419b5.jpg?w=540&h=360'],https://www.i-bidder.com/en-gb/auction-catalogues/bcva/catalogue-id-ibbc10376/lot-b9cc8e7e-155e-42c4-9752-b28000e604a1,25.00,20.00,,TRUE,TRUE,TRUE,,,ebay_sold,https://ebay.com/itm/123456?itmmeta=012DEW30YG0MEEKND7NH&hash=item123546:g:acwAA9KNiJowH:sc:ShippingMethodStandard!95008!US!-1&itmprp=enc%3AbgepL1tlUHjMGCVfSTGJh%2BzsVKeJ3CQk7NizDI4BZeppuFnmyS6Ijyp8lh%2FnEw%2BWqO7uTV1Q6izE1R0T54aV8j71F4xlWfVcGft4%2FiOQhtqVXA1rW6M1atPARQRmhqUxtEPJKhKtSFgI%2Bvwlzb0GwVCtkp%3ABlBMUObkmabpYw,,"['£135.79', '£128.55', '£123.73', '£128.55', '£128.55', '£128.55', '£132.57', '£140.61']"
PRE-OWNED LENTEL LNL-1320-S3B DUAL READER INTERFACE MODULE (PACKAGING OPEN) (SOLD AS SEEN).,80,85,80 GBP - 100 GBP,Unknown,"Bidding ends:
18 Feb 2025 12:11 GMT",Pre-owned Lentel LNL-1320-S3B Dual Reader Interface Module (Packaging open) (Sold as seen).,['https://portal-images.azureedge.net/auctions-2025/ibbc10376/images/0681293e-33eb-4538-8075-b28101041ad1.jpg?w=540&h=360'],https://www.i-bidder.com/en-gb/auction-catalogues/bcva/catalogue-id-ibbc10376/lot-20c1c1ff-c8da-4c01-a1a3-b28000e60570,25.00,20.00,,TRUE,TRUE,TRUE,£248.18,£243.22,ebay_sold,https://www.ebay.co.uk/itm/205212858252?_skw=pre-owned+lentel+lnl-1320-s3b+dual+reader+interface+module+.&epid=11053678717&itmmeta=01JM0XZBJ6ZJHHMV3TTGR7PMWK&hash=item2fc7a3b78c:g:0SgAAOSw~vdnfpa7&itmprp=enc%3AAQAKAAABIFkggFvd1GGDu0w3yXCmi1cruaDq6yATTENX3iT5w%2BHPiahnES2crPzkAOui5ehnSsIFAjxf%2FBUI12XRgBy9UXFBL3%2F6euvD%2FFkFWsi7q4jNp1nQgAY2zbkGuGhU1SiW3qlO6yuTpa34kXU%2FjvE8YFK6Xj2mAovlZoWRGKF5o4SDrLr%2Bahle4ACifwSzQvyEa8Aw33rK0PtxCH6PuoYJ0BfWeOkQ9IBpcxck8dLodwoNgCL%2FkN7LAjiQbMazFvVbNF0H%2FsTf3oD9%2FQuvFu8uOgu%2BiXXugQVosXuoGq%2FtMqDGRWUxEMout%2BXYKUHpS9mjmoFM0X8shGlbhJz1Z%2FVjlyoa32ZIaevbTz7qNbeqIWRPsjWUaC2GTGlwrbFGdn61jg%3D%3D%7Ctkp%3ABk9SR6i5_Z2gZQ,,"['£441.11', '£241.04', '£220.95', '£241.04', '£216.94', '£281.21', '£248.18', '£228.99']"
AS NEW HID SIGNO 40 SMARTCARD READER (P/N: 40NKS-02-0002BL) (EAN: 639399034572).,6,7,5 GBP - 10 GBP,Unknown,"Bidding ends:
18 Feb 2025 12:13 GMT",As new HID Signo 40 Smartcard Reader (P/N: 40NKS-02-0002BL) (EAN: 639399034572).,['https://portal-images.azureedge.net/auctions-2025/ibbc10376/images/c1b24347-5d98-4afd-8ee9-b28200c4ab2c.jpg?w=540&h=360'],https://www.i-bidder.com/en-gb/auction-catalogues/bcva/catalogue-id-ibbc10376/lot-0220a5d9-ce6c-43cb-852a-b28000e607e4,25.00,20.00,,TRUE,TRUE,TRUE,£80.35,£78.74,ebay_sold,https://www.ebay.co.uk/itm/205170524337?_skw=as+hid+signo+40+smartcard+reader+.&epid=3039999557&itmmeta=01JM0XZV8W24DKZRC2FC9GPC65&hash=item2fc51dc0b1:g:vjQAAOSwNdhnU9CQ&itmprp=enc%3AAQAKAAAA4FkggFvd1GGDu0w3yXCmi1eiMpABNPGR%2BjaDOs09OMIZOXHajPZG%2FN5jVw3OckCZMoT0WKYZ6S51JuHmMp0kLylndmDQ7ScqgCJTCnK9J%2BTbet1wI5B3Q9yJsbRvYv%2FWEV3RCB0%2FnR0SC%2Bqrojx6tXdZMYABjhUbPv3Fhk%2B83B0QMQfkq%2BKmXY%2FKAfVUkCeXjx3tl%2BbcgcisWp%2FuHhyF%2Bmj8uAQUNWmCt5HCfSefOzawb2ZQQOu%2FidTJMcXKTtmjL8Zvt94NyzOMF0MQnYwoWMP2C%2FbIcQd8eC0juB7BIHfF%7Ctkp%3ABk9SR8a0_52gZQ,,"['£68.29', '£72.31', '£100.43', '£59.46', '£72.31', '£68.29', '£108.47', '£80.35']"
AS NEW HID SIGNO 40 SMARTCARD READER (P/N: 40NKS-02-0002BL) (EAN: 639399034572).,6,7,5 GBP - 10 GBP,Unknown,"Bidding ends:
18 Feb 2025 12:13 GMT",As new HID Signo 40 Smartcard Reader (P/N: 40NKS-02-0002BL) (EAN: 639399034572).,['https://portal-images.azureedge.net/auctions-2025/ibbc10376/images/b37a453c-0b82-4522-9d81-b28200c4b277.jpg?w=540&h=360'],https://www.i-bidder.com/en-gb/auction-catalogues/bcva/catalogue-id-ibbc10376/lot-abb6ef0b-1d8d-4720-be78-b28000e60870,25.00,20.00,,TRUE,TRUE,TRUE,£80.35,£78.74,ebay_sold,https://www.ebay.co.uk/itm/205170524337?_skw=as+hid+signo+40+smartcard+reader+.&epid=3039999557&itmmeta=01JM0XZV8W24DKZRC2FC9GPC65&hash=item2fc51dc0b1:g:vjQAAOSwNdhnU9CQ&itmprp=enc%3AAQAKAAAA4FkggFvd1GGDu0w3yXCmi1eiMpABNPGR%2BjaDOs09OMIZOXHajPZG%2FN5jVw3OckCZMoT0WKYZ6S51JuHmMp0kLylndmDQ7ScqgCJTCnK9J%2BTbet1wI5B3Q9yJsbRvYv%2FWEV3RCB0%2FnR0SC%2Bqrojx6tXdZMYABjhUbPv3Fhk%2B83B0QMQfkq%2BKmXY%2FKAfVUkCeXjx3tl%2BbcgcisWp%2FuHhyF%2Bmj8uAQUNWmCt5HCfSefOzawb2ZQQOu%2FidTJMcXKTtmjL8Zvt94NyzOMF0MQnYwoWMP2C%2FbIcQd8eC0juB7BIHfF%7Ctkp%3ABk9SR8a0_52gZQ,,"['£68.29', '£72.31', '£100.43', '£59.46', '£72.31', '£68.29', '£108.47', '£80.35']"
AS NEW HID SIGNO 40 SMARTCARD READER (P/N: 40NKS-02-0002BL) (EAN: 639399034572).,6,7,5 GBP - 10 GBP,Unknown,"Bidding ends:
18 Feb 2025 12:13 GMT",As new HID Signo 40 Smartcard Reader (P/N: 40NKS-02-0002BL) (EAN: 639399034572).,['https://portal-images.azureedge.net/auctions-2025/ibbc10376/images/6c92bd95-1dc4-4802-998d-b28200c4bb35.jpg?w=540&h=360'],https://www.i-bidder.com/en-gb/auction-catalogues/bcva/catalogue-id-ibbc10376/lot-53b2faa0-367f-438e-a200-b28000e608d5,25.00,20.00,,TRUE,TRUE,TRUE,£80.35,£78.74,ebay_sold,https://www.ebay.co.uk/itm/205170524337?_skw=as+hid+signo+40+smartcard+reader+.&epid=3039999557&itmmeta=01JM0XZV8W24DKZRC2FC9GPC65&hash=item2fc51dc0b1:g:vjQAAOSwNdhnU9CQ&itmprp=enc%3AAQAKAAAA4FkggFvd1GGDu0w3yXCmi1eiMpABNPGR%2BjaDOs09OMIZOXHajPZG%2FN5jVw3OckCZMoT0WKYZ6S51JuHmMp0kLylndmDQ7ScqgCJTCnK9J%2BTbet1wI5B3Q9yJsbRvYv%2FWEV3RCB0%2FnR0SC%2Bqrojx6tXdZMYABjhUbPv3Fhk%2B83B0QMQfkq%2BKmXY%2FKAfVUkCeXjx3tl%2BbcgcisWp%2FuHhyF%2Bmj8uAQUNWmCt5HCfSefOzawb2ZQQOu%2FidTJMcXKTtmjL8Zvt94NyzOMF0MQnYwoWMP2C%2FbIcQd8eC0juB7BIHfF%7Ctkp%3ABk9SR8a0_52gZQ,,"['£68.29', '£72.31', '£100.43', '£59.46', '£72.31', '£68.29', '£108.47', '£80.35']"
AS NEW HID SIGNO 40 SMARTCARD READER (P/N: 40NKS-02-0002BL) (EAN: 639399034572).,6,7,5 GBP - 10 GBP,Unknown,"Bidding ends:
18 Feb 2025 12:13 GMT",As new HID Signo 40 Smartcard Reader (P/N: 40NKS-02-0002BL) (EAN: 639399034572).,['https://portal-images.azureedge.net/auctions-2025/ibbc10376/images/318f28e3-94af-42f5-801c-b28200c4c51c.jpg?w=540&h=360'],https://www.i-bidder.com/en-gb/auction-catalogues/bcva/catalogue-id-ibbc10376/lot-bc77910a-198a-4fb9-89ac-b28000e6094f,25.00,20.00,,TRUE,TRUE,TRUE,£80.35,£78.74,ebay_sold,https://www.ebay.co.uk/itm/205170524337?_skw=as+hid+signo+40+smartcard+reader+.&epid=3039999557&itmmeta=01JM0XZV8W24DKZRC2FC9GPC65&hash=item2fc51dc0b1:g:vjQAAOSwNdhnU9CQ&itmprp=enc%3AAQAKAAAA4FkggFvd1GGDu0w3yXCmi1eiMpABNPGR%2BjaDOs09OMIZOXHajPZG%2FN5jVw3OckCZMoT0WKYZ6S51JuHmMp0kLylndmDQ7ScqgCJTCnK9J%2BTbet1wI5B3Q9yJsbRvYv%2FWEV3RCB0%2FnR0SC%2Bqrojx6tXdZMYABjhUbPv3Fhk%2B83B0QMQfkq%2BKmXY%2FKAfVUkCeXjx3tl%2BbcgcisWp%2FuHhyF%2Bmj8uAQUNWmCt5HCfSefOzawb2ZQQOu%2FidTJMcXKTtmjL8Zvt94NyzOMF0MQnYwoWMP2C%2FbIcQd8eC0juB7BIHfF%7Ctkp%3ABk9SR8a0_52gZQ,,"['£68.29', '£72.31', '£100.43', '£59.46', '£72.31', '£68.29', '£108.47', '£80.35']"
AS NEW SHUTTLE XPC NANO NC10U INTEL CELERON 4205U BAREBONE PC (EAN: 887993001975).,None,30,30 GBP - 50 GBP,Unknown,"Bidding ends:
18 Feb 2025 12:14 GMT",As new Shuttle XPC Nano NC10U Intel Celeron 4205U Barebone PC (EAN: 887993001975).,['https://portal-images.azureedge.net/auctions-2025/ibbc10376/images/6c83df0f-d96e-412d-9ac0-b281010423cd.jpg?w=540&h=360'],https://www.i-bidder.com/en-gb/auction-catalogues/bcva/catalogue-id-ibbc10376/lot-0a69f50b-d3e1-4582-990e-b28000e60ab1,25.00,20.00,,TRUE,TRUE,TRUE,£160.69,£157.48,ebay_sold,https://www.ebay.co.uk/itm/373060901612?_skw=as+shuttle+xpc+nano+nc10u+intel+celeron+4205u+barebone+pc+.&itmmeta=01JM0XZ51CHT6G2QE5XJ5MMBDH&hash=item56dc299aec:g:wBQAAOSwuxZecRkC&itmprp=enc%3AAQAKAAABIFkggFvd1GGDu0w3yXCmi1f0jS5b%2FKk9SxDbWSKXRWAQZmfaRSoULy%2Bytwx9BKIRPaCgJGh1ZowXm7IuoLIGUmnsh6UqunTRUn3zIe%2B7C4MJ0j1dSQlsudw1vhyD1T7jQl8BiO6fCRdBa7BAF8kDQg3JtT1tJemAZgCw%2FViTV6aeeMfjBZ1XUTg21Ej2ilk1whwgdLjQ9%2BvCxpp8FRQy7W8UZOY8qsylOgTrE5QSu2t3gSAIBFkJsz3q30ARjgiN10acV2f0gbu1jxFjEsVFgaqti8N1fQlcNmrjzVe8gZJ9lR98Cx6Ic5j5c25LMozQv%2BKK8JuVIzXw24uBvJWWSB2T92aC5t8kxkNC8IX%2FuOasOKGY5Z3VrfcKBwLrkVtJuA%3D%3D%7Ctkp%3ABk9SR-LQ_J2gZQ,,['£160.69']
AS NEW STEELSERIES ARCTIS NOVA 7 WIRELESS GAMING HEADSET (EAN: 5707119041294).,35,40,30 GBP - 50 GBP,Unknown,"Bidding ends:
18 Feb 2025 12:14 GMT",As new Steelseries Arctis Nova 7 Wireless Gaming Headset (EAN: 5707119041294).,['https://portal-images.azureedge.net/auctions-2025/ibbc10376/images/64bb84bb-0c48-484a-aeb7-b281010424db.jpg?w=540&h=360'],https://www.i-bidder.com/en-gb/auction-catalogues/bcva/catalogue-id-ibbc10376/lot-1597b055-e76c-4ce4-bc65-b28000e60b2f,25.00,20.00,,TRUE,TRUE,TRUE,£57.85,£56.69,ebay_sold,https://www.ebay.co.uk/itm/387811511792?_skw=as+steelseries+arctis+nova+wireless+gaming+headset+.&epid=4056681215&itmmeta=01JM0XZ981SDRMKKBZGTX9MXNQ&hash=item5a4b5e0df0:g:36sAAOSw4TJneO5g&itmprp=enc%3AAQAKAAAA8FkggFvd1GGDu0w3yXCmi1eIEtZlXYy7rk8Wl%2BR3cdzAHb1aoPQS9OZIRyed23SETJUBdTfQdRZslD%2BnfZFZjwf3TJwAG1lSlnYaTmzOa4xgWjyV4rm1%2FyyX0b5SyUtfOSlcKPrrDRqkdcxsg%2BBEVFlvUdFx%2BpCrJpkItZvH9Yg6kDV%2FeLf%2B4ZoX1hDtfX1ZbTS9AjmsW3aNsK0Idna%2By8KkpuE11jeGH2Aak4YSkk2DnXRmqnar5R0W3U6wncgIoESrH7aeebAWStUn5tbnINKlorrW4BjAoIdpHGxIvHGzD%2FQCIuS%2BXYPFc8pyyUtv%2FA%3D%3D%7Ctkp%3ABk9SR5aU_Z2gZQ,,"['£64.27', '£163.91', '£102.44', '£57.85', '£92.00', '£160.69', '£60.26', '£60.26']"
AS NEW IFM ELECTRONICS O2M201 ANALOGUE CAMERA FOR MOBILE MACHINES (EAN: 4021179278263),None,30,30 GBP - 50 GBP,Unknown,"Bidding ends:
18 Feb 2025 12:16 GMT",As new IFM Electronics O2M201 Analogue Camera for Mobile Machines (EAN: 4021179278263),['https://portal-images.azureedge.net/auctions-2025/ibbc10376/images/8049b27f-237e-4412-9840-b281010428bf.jpg?w=540&h=360'],https://www.i-bidder.com/en-gb/auction-catalogues/bcva/catalogue-id-ibbc10376/lot-8c91e3c9-58a2-457b-9520-b28000e60dd2,25.00,20.00,,TRUE,TRUE,TRUE,,,ebay_sold,https://ebay.com/itm/123456?itmmeta=012DEW30YG0MEEKND7NH&hash=item123546:g:acwAA9KNiJowH:sc:ShippingMethodStandard!95008!US!-1&itmprp=enc%3AbgepL1tlUHjMGCVfSTGJh%2BzsVKeJ3CQk7NizDI4BZeppuFnmyS6Ijyp8lh%2FnEw%2BWqO7uTV1Q6izE1R0T54aV8j71F4xlWfVcGft4%2FiOQhtqVXA1rW6M1atPARQRmhqUxtEPJKhKtSFgI%2Bvwlzb0GwVCtkp%3ABlBMUObkmabpYw,,"['£32.13', '£20.86', '£30.56', '£52.19', '£56.81', '£42.85', '£16.04', '£112.39']"
AS NEW IFM ELECTRONICS O2M201 ANALOGUE CAMERA FOR MOBILE MACHINES (EAN: 4021179278263),None,30,30 GBP - 50 GBP,Unknown,"Bidding ends:
18 Feb 2025 12:16 GMT",As new IFM Electronics O2M201 Analogue Camera for Mobile Machines (EAN: 4021179278263),['https://portal-images.azureedge.net/auctions-2025/ibbc10376/images/8f6f3e25-10fa-4e7f-bcb3-b2810104296c.jpg?w=540&h=360'],https://www.i-bidder.com/en-gb/auction-catalogues/bcva/catalogue-id-ibbc10376/lot-e75436d2-af36-4eac-9fe2-b28000e60e5b,25.00,20.00,,TRUE,TRUE,TRUE,,,ebay_sold,https://ebay.com/itm/123456?itmmeta=012DEW30YG0MEEKND7NH&hash=item123546:g:acwAA9KNiJowH:sc:ShippingMethodStandard!95008!US!-1&itmprp=enc%3AbgepL1tlUHjMGCVfSTGJh%2BzsVKeJ3CQk7NizDI4BZeppuFnmyS6Ijyp8lh%2FnEw%2BWqO7uTV1Q6izE1R0T54aV8j71F4xlWfVcGft4%2FiOQhtqVXA1rW6M1atPARQRmhqUxtEPJKhKtSFgI%2Bvwlzb0GwVCtkp%3ABlBMUObkmabpYw,,"['£32.13', '£20.86', '£30.56', '£52.19', '£56.81', '£42.85', '£16.04', '£112.39']"
AS NEW IFM ELECTRONICS O2M201 ANALOGUE CAMERA FOR MOBILE MACHINES (EAN: 4021179278263),None,30,30 GBP - 50 GBP,Unknown,"Bidding ends:
18 Feb 2025 12:16 GMT",As new IFM Electronics O2M201 Analogue Camera for Mobile Machines (EAN: 4021179278263),['https://portal-images.azureedge.net/auctions-2025/ibbc10376/images/d4bade34-b328-4c72-ab70-b28101042a25.jpg?w=540&h=360'],https://www.i-bidder.com/en-gb/auction-catalogues/bcva/catalogue-id-ibbc10376/lot-431e35c8-cc0c-40e2-be2f-b28000e60ec1,25.00,20.00,,TRUE,TRUE,TRUE,,,ebay_sold,https://ebay.com/itm/123456?itmmeta=012DEW30YG0MEEKND7NH&hash=item123546:g:acwAA9KNiJowH:sc:ShippingMethodStandard!95008!US!-1&itmprp=enc%3AbgepL1tlUHjMGCVfSTGJh%2BzsVKeJ3CQk7NizDI4BZeppuFnmyS6Ijyp8lh%2FnEw%2BWqO7uTV1Q6izE1R0T54aV8j71F4xlWfVcGft4%2FiOQhtqVXA1rW6M1atPARQRmhqUxtEPJKhKtSFgI%2Bvwlzb0GwVCtkp%3ABlBMUObkmabpYw,,"['£32.13', '£20.86', '£30.56', '£52.19', '£56.81', '£42.85', '£16.04', '£112.39']"
AS NEW IFM ELECTRONICS O2M201 ANALOGUE CAMERA FOR MOBILE MACHINES (EAN: 4021179278263),None,30,30 GBP - 50 GBP,Unknown,"Bidding ends:
18 Feb 2025 12:17 GMT",As new IFM Electronics O2M201 Analogue Camera for Mobile Machines (EAN: 4021179278263),['https://portal-images.azureedge.net/auctions-2025/ibbc10376/images/46056744-be44-4340-8957-b28101042ae3.jpg?w=540&h=360'],https://www.i-bidder.com/en-gb/auction-catalogues/bcva/catalogue-id-ibbc10376/lot-43c1fcc1-93cd-475d-a497-b28000e60f3c,25.00,20.00,,TRUE,TRUE,TRUE,,,ebay_sold,https://ebay.com/itm/123456?itmmeta=012DEW30YG0MEEKND7NH&hash=item123546:g:acwAA9KNiJowH:sc:ShippingMethodStandard!95008!US!-1&itmprp=enc%3AbgepL1tlUHjMGCVfSTGJh%2BzsVKeJ3CQk7NizDI4BZeppuFnmyS6Ijyp8lh%2FnEw%2BWqO7uTV1Q6izE1R0T54aV8j71F4xlWfVcGft4%2FiOQhtqVXA1rW6M1atPARQRmhqUxtEPJKhKtSFgI%2Bvwlzb0GwVCtkp%3ABlBMUObkmabpYw,,"['£32.13', '£20.86', '£30.56', '£52.19', '£56.81', '£42.85', '£16.04', '£112.39']"
AS NEW IFM ELECTRONICS O2M201 ANALOGUE CAMERA FOR MOBILE MACHINES (EAN: 4021179278263),None,30,30 GBP - 50 GBP,Unknown,"Bidding ends:
18 Feb 2025 12:17 GMT",As new IFM Electronics O2M201 Analogue Camera for Mobile Machines (EAN: 4021179278263),['https://portal-images.azureedge.net/auctions-2025/ibbc10376/images/c3cf4837-ad39-428a-aba6-b28101042b9d.jpg?w=540&h=360'],https://www.i-bidder.com/en-gb/auction-catalogues/bcva/catalogue-id-ibbc10376/lot-5f54c00f-4856-4878-821d-b28000e60fcc,25.00,20.00,,TRUE,TRUE,TRUE,,,ebay_sold,https://ebay.com/itm/123456?itmmeta=012DEW30YG0MEEKND7NH&hash=item123546:g:acwAA9KNiJowH:sc:ShippingMethodStandard!95008!US!-1&itmprp=enc%3AbgepL1tlUHjMGCVfSTGJh%2BzsVKeJ3CQk7NizDI4BZeppuFnmyS6Ijyp8lh%2FnEw%2BWqO7uTV1Q6izE1R0T54aV8j71F4xlWfVcGft4%2FiOQhtqVXA1rW6M1atPARQRmhqUxtEPJKhKtSFgI%2Bvwlzb0GwVCtkp%3ABlBMUObkmabpYw,,"['£32.13', '£20.86', '£30.56', '£52.19', '£56.81', '£42.85', '£16.04', '£112.39']"
"AS NEW JUNIPER MIST AP63E-WW WI-FI 6 OUTDOOR ACCESS POINT (P/N: AP63E-WW-98649) (BOX OPEN, SOME DAMA",None,30,30 GBP - 50 GBP,Unknown,"Bidding ends:
18 Feb 2025 12:17 GMT","As new Juniper Mist AP63E-WW Wi-Fi 6 Outdoor Access Point (P/N: AP63E-WW-98649) (Box open, some damage to packaging).",['https://portal-images.azureedge.net/auctions-2025/ibbc10376/images/8b154b55-44f6-44a7-b96f-b28101042c82.jpg?w=540&h=360'],https://www.i-bidder.com/en-gb/auction-catalogues/bcva/catalogue-id-ibbc10376/lot-3f3b0c4a-f714-4d19-944f-b28000e61050,25.00,20.00,,TRUE,TRUE,TRUE,,,ebay_sold,https://ebay.com/itm/123456?itmmeta=012DEW30YG0MEEKND7NH&hash=item123546:g:acwAA9KNiJowH:sc:ShippingMethodStandard!95008!US!-1&itmprp=enc%3AbgepL1tlUHjMGCVfSTGJh%2BzsVKeJ3CQk7NizDI4BZeppuFnmyS6Ijyp8lh%2FnEw%2BWqO7uTV1Q6izE1R0T54aV8j71F4xlWfVcGft4%2FiOQhtqVXA1rW6M1atPARQRmhqUxtEPJKhKtSFgI%2Bvwlzb0GwVCtkp%3ABlBMUObkmabpYw,,"['£642.77', '£39.32', '£38.57', '£120.52', '£60.26', '£109.27', '£120.52', '£64.27']"
"AS NEW DELL 24"" VIDEO CONFERENCING MONITOR (P/N: P2424HEB) (BOX OPEN).",None,50,50 GBP - 70 GBP,Unknown,"Bidding ends:
18 Feb 2025 12:17 GMT","As new Dell 24"" Video Conferencing Monitor (P/N: P2424HEB) (Box open).",['https://portal-images.azureedge.net/auctions-2025/ibbc10376/images/4e26532a-80ef-45d7-a78d-b28101042d18.jpg?w=540&h=360'],https://www.i-bidder.com/en-gb/auction-catalogues/bcva/catalogue-id-ibbc10376/lot-25923c54-8c52-4a15-849c-b28000e610bc,25.00,20.00,,TRUE,TRUE,TRUE,£148.64,£145.67,ebay_sold,https://www.ebay.co.uk/itm/126742467620?_skw=as+dell+24%22+video+conferencing+monitor+.&epid=10064778646&itmmeta=01JM0XZD1R6PZRE1GXR5H2VY2V&hash=item1d82709424:g:hlIAAOSw6o1nG~aE&itmprp=enc%3AAQAKAAABAFkggFvd1GGDu0w3yXCmi1fd3eg%2Bsf2YqOBYjsRtp2igl8kHuaxsfgTg3ggOoryLNZPXN%2Fw4osYJx9jqGIW147MIT%2B25%2Ff%2FtOZ9x3vJAhinn1T8UxzoUI2OMCO35%2BudT7ZTUBCXnrxP%2FzsnUZEXk06xBMuRGnKRCZd5h6Wc4%2BtIulCkRDyU0ThvHmeASrAyyxGNIqmYYB5sZNC5hyRl4ctokXqpGCYVRM7pmEhHJ4qX8uNJinzqP9subMvpuliBdiBTv5%2FPZOBhajhZaeJ0vA3OU1ElzqelqYgVPUfO3Sq2Ngn%2FCyEEnXQo37pOyo7rrRRymkqYwKxK5FydWQekbbm4%3D%7Ctkp%3ABk9SR4TR_Z2gZQ,,"['£52.22', '£159.99', '£72.30', '£78.99', '£78.99', '£123.73', '£148.64', '£79.25']"
SIXTEEN AS NEW CANON PG-540 BLACK & CL-541 COLOUR INK CARTRIDGE + PHOTO PAPER VALUE PACKS (EAN: 8714,140,150,140 GBP - 180 GBP,Unknown,"Bidding ends:
18 Feb 2025 12:18 GMT",Sixteen as new Canon PG-540 Black & CL-541 Colour Ink Cartridge + Photo Paper Value Packs (EAN: 8714574679754).,['https://portal-images.azureedge.net/auctions-2025/ibbc10376/images/7d2898e4-057d-4664-9711-b28101042f20.jpg?w=540&h=360'],https://www.i-bidder.com/en-gb/auction-catalogues/bcva/catalogue-id-ibbc10376/lot-c741cd40-5952-40da-aa48-b28000e612d2,25.00,20.00,,TRUE,TRUE,TRUE,£26.38,£25.85,ebay_sold,https://www.ebay.co.uk/itm/146363262880?_skw=sixteen+as+canon+pg-540+black+cl-541+colour+ink+cartridge+++photo+paper+value+packs+%28ean%3A+8714&itmmeta=01JM0XZH6G8HHEXJCMCMN79A35&hash=item2213ee27a0:g:5N0AAOSwFzFnniFR&itmprp=enc%3AAQAKAAABQFkggFvd1GGDu0w3yXCmi1dqeA%2B%2F5UQxnNxGtAwMEngGVpQFd62SPdNEt6WhwKK6flAQ97jjoPsZkBtaEwU1bi80eQi1ew9EqZpDehPqo4PDCqchY%2FZ1zbwVuYDJZ12S829z7qCnfQS0L3f4wO2H6dRm2xCfMFk0DkR1IHc5Ohd0uaUkGy%2Faf304yXpg3kSCW4ZWRo7DZH5MSizfx0SL9fusRRZilZiUhLREjr8C4sxx6PQH5SBIttgw%2BXGsqeLpQi4eWBNI%2BtSRxJ0tUD3zRTN1oQYsV%2BESyWauqRuybnqBBIrc2Cwsjp3dJmlAkcPmVwRRH7dj6xGseq43jFzcIyeEoaOF1juOZ6Ava6H6XDSWsQOYNZo17EPGBxw--tmeO3Ihidb4LsOOND6B6sy2mIR6klWnhep6VdoQADbgqLSC%7Ctkp%3ABk9SR6iT_p2gZQ,,['£26.38']
AS NEW ZEBRA ZD22042-D0EG00EZ DIRECT THERMAL PINTER (BOX SEALED).,40,45,40 GBP - 60 GBP,Unknown,"Bidding ends:
18 Feb 2025 12:19 GMT",As new Zebra ZD22042-D0EG00EZ Direct Thermal Pinter (Box sealed).,['https://portal-images.azureedge.net/auctions-2025/ibbc10376/images/6fd45f62-bf2f-47f9-b58a-b28101042fbc.jpg?w=540&h=360'],https://www.i-bidder.com/en-gb/auction-catalogues/bcva/catalogue-id-ibbc10376/lot-81e4586b-bc9f-4b05-a732-b28000e61343,25.00,20.00,,TRUE,TRUE,TRUE,£205.69,£201.58,ebay_sold,https://www.ebay.co.uk/itm/296817135171?_skw=as+zebra+zd22042-d0eg00ez+direct+thermal+pinter+.&itmmeta=01JM0XZNF28FDDHQQHZ12SP38W&hash=item451bae0e43:g:BSAAAOSwrI1nNdHp&itmprp=enc%3AAQAKAAAA8FkggFvd1GGDu0w3yXCmi1c7tEPa7viIrxnRtmqBS9jdhQMTDPDC3eg9OAF99o3QyxyxoN6UXWYRNDkFlWhPgrJ7uODjepikGs7HOHJ1eZ8nmClogpWMq9Pap6zeOD9ATqGp3Zt7ciQIrFdeUGMDMXmYgAu8A4Hll9TF%2FmEdFh9%2FBtvoxrzepAJNYNV%2B3Zb8py1EbFaTmyJL8OcFTDc2pG9c7x5rTNhtnZUvDkm%2FBUIx4Ewqza8WB%2Fb5W8lPBJtnz%2F2m%2Brnfe05daN%2BacvaEM0FwTL2KYGsub6Zvu60cIvsKJmrEZbWp9Ly0L438axadMQ%3D%3D%7Ctkp%3ABk9SR87X_p2gZQ,,"['£132.56', '£143.02', '£160.69', '£473.63', '£200.87', '£205.69', '£240.24', '£192.83']"
AS NEW CRESTRON HD-RX-4KZ-101DM LITE 4K60 4:4:4 RECEIVER (P/N: 6511813).,None,40,40 GBP - 60 GBP,Unknown,"Bidding ends:
18 Feb 2025 12:19 GMT",As new Crestron HD-RX-4KZ-101DM Lite 4K60 4:4:4 Receiver (P/N: 6511813).,['https://portal-images.azureedge.net/auctions-2025/ibbc10376/images/0b8dece6-80d8-4cca-8876-b2810104305d.jpg?w=540&h=360'],https://www.i-bidder.com/en-gb/auction-catalogues/bcva/catalogue-id-ibbc10376/lot-f4b7e1fa-1788-4db4-88be-b28000e613ba,25.00,20.00,,TRUE,TRUE,TRUE,£295.28,£289.37,ebay_sold,https://www.ebay.co.uk/itm/305925837567?_skw=as+crestron+hd-rx-4kz-101dm+lite+4k60+4%3A4%3A4+receiver+.&itmmeta=01JM0XZHQRMC0CDTADHW145B2E&hash=item473a99d2ff:g:rh0AAOSwsBFnQDoR&itmprp=enc%3AAQAKAAAA8FkggFvd1GGDu0w3yXCmi1dn%2FWanZnaF%2BSCxxKmNavkuSpU4I4vLk7xgB5cc6y6ZYlb0bcUvDnOYbrsxX%2FZrlFbSEjyg3ujTGlYxH4QJ3H7egZZssMn91zIA7%2BOU1B1Ai2Jj3uCQ9OgjJjiGiDX8T2G4hC4H36qBIab8fKWIiD%2F4yY%2BITehuLVbkjT02ZBesyc%2FQjkLRMUlsEAXx3T3iM6pD5whZqDfK5IW6JdR7UmU5Fs%2BM7ZaxsVwXh9V28j2BSuQvY%2F%2BHgW%2BDmJE1LoCSaKjELRFFRbWaWjlcu6a6hCEi%2BbXTy5sAT6u9pWFY4sIeCA%3D%3D%7Ctkp%3ABk9SR_6b_p2gZQ,,"['£295.28', '£112.40', '£120.52', '£160.69', '£236.62', '£32.14', '£265.13', '£96.41']"
AS NEW CRESTRON HD-RX-4KZ-101DM LITE 4K60 4:4:4 RECEIVER (P/N: 6511813).,None,40,40 GBP - 60 GBP,Unknown,"Bidding ends:
18 Feb 2025 12:19 GMT",As new Crestron HD-RX-4KZ-101DM Lite 4K60 4:4:4 Receiver (P/N: 6511813).,['https://portal-images.azureedge.net/auctions-2025/ibbc10376/images/fca65c5a-ad7e-42d3-85ad-b281010430f5.jpg?w=540&h=360'],https://www.i-bidder.com/en-gb/auction-catalogues/bcva/catalogue-id-ibbc10376/lot-ff35f7a8-63e9-40e0-94b9-b28000e6142b,25.00,20.00,,TRUE,TRUE,TRUE,£295.28,£289.37,ebay_sold,https://www.ebay.co.uk/itm/305925837567?_skw=as+crestron+hd-rx-4kz-101dm+lite+4k60+4%3A4%3A4+receiver+.&itmmeta=01JM0XZHQRMC0CDTADHW145B2E&hash=item473a99d2ff:g:rh0AAOSwsBFnQDoR&itmprp=enc%3AAQAKAAAA8FkggFvd1GGDu0w3yXCmi1dn%2FWanZnaF%2BSCxxKmNavkuSpU4I4vLk7xgB5cc6y6ZYlb0bcUvDnOYbrsxX%2FZrlFbSEjyg3ujTGlYxH4QJ3H7egZZssMn91zIA7%2BOU1B1Ai2Jj3uCQ9OgjJjiGiDX8T2G4hC4H36qBIab8fKWIiD%2F4yY%2BITehuLVbkjT02ZBesyc%2FQjkLRMUlsEAXx3T3iM6pD5whZqDfK5IW6JdR7UmU5Fs%2BM7ZaxsVwXh9V28j2BSuQvY%2F%2BHgW%2BDmJE1LoCSaKjELRFFRbWaWjlcu6a6hCEi%2BbXTy5sAT6u9pWFY4sIeCA%3D%3D%7Ctkp%3ABk9SR_6b_p2gZQ,,"['£295.28', '£112.40', '£120.52', '£160.69', '£236.62', '£32.14', '£265.13', '£96.41']"
AS NEW CRESTRON HD-RX-4KZ-101DM LITE 4K60 4:4:4 RECEIVER (P/N: 6511813).,None,40,40 GBP - 60 GBP,Unknown,"Bidding ends:
18 Feb 2025 12:19 GMT",As new Crestron HD-RX-4KZ-101DM Lite 4K60 4:4:4 Receiver (P/N: 6511813).,['https://portal-images.azureedge.net/auctions-2025/ibbc10376/images/503aeb49-23e0-4e75-a9e3-b281010431a9.jpg?w=540&h=360'],https://www.i-bidder.com/en-gb/auction-catalogues/bcva/catalogue-id-ibbc10376/lot-5aa5b288-4a8c-48a6-a551-b28000e6149c,25.00,20.00,,TRUE,TRUE,TRUE,£295.28,£289.37,ebay_sold,https://www.ebay.co.uk/itm/305925837567?_skw=as+crestron+hd-rx-4kz-101dm+lite+4k60+4%3A4%3A4+receiver+.&itmmeta=01JM0XZHQRMC0CDTADHW145B2E&hash=item473a99d2ff:g:rh0AAOSwsBFnQDoR&itmprp=enc%3AAQAKAAAA8FkggFvd1GGDu0w3yXCmi1dn%2FWanZnaF%2BSCxxKmNavkuSpU4I4vLk7xgB5cc6y6ZYlb0bcUvDnOYbrsxX%2FZrlFbSEjyg3ujTGlYxH4QJ3H7egZZssMn91zIA7%2BOU1B1Ai2Jj3uCQ9OgjJjiGiDX8T2G4hC4H36qBIab8fKWIiD%2F4yY%2BITehuLVbkjT02ZBesyc%2FQjkLRMUlsEAXx3T3iM6pD5whZqDfK5IW6JdR7UmU5Fs%2BM7ZaxsVwXh9V28j2BSuQvY%2F%2BHgW%2BDmJE1LoCSaKjELRFFRbWaWjlcu6a6hCEi%2BbXTy5sAT6u9pWFY4sIeCA%3D%3D%7Ctkp%3ABk9SR_6b_p2gZQ,,"['£295.28', '£112.40', '£120.52', '£160.69', '£236.62', '£32.14', '£265.13', '£96.41']"
AS NEW CRESTRON HD-RX-4KZ-101DM LITE 4K60 4:4:4 RECEIVER (P/N: 6511813).,None,40,40 GBP - 60 GBP,Unknown,"Bidding ends:
18 Feb 2025 12:20 GMT",As new Crestron HD-RX-4KZ-101DM Lite 4K60 4:4:4 Receiver (P/N: 6511813).,['https://portal-images.azureedge.net/auctions-2025/ibbc10376/images/1edbb854-efdf-4b69-b450-b28101043251.jpg?w=540&h=360'],https://www.i-bidder.com/en-gb/auction-catalogues/bcva/catalogue-id-ibbc10376/lot-a93aefdd-7201-401f-9ffe-b28000e6150b,25.00,20.00,,TRUE,TRUE,TRUE,£295.28,£289.37,ebay_sold,https://www.ebay.co.uk/itm/305925837567?_skw=as+crestron+hd-rx-4kz-101dm+lite+4k60+4%3A4%3A4+receiver+.&itmmeta=01JM0XZHQRMC0CDTADHW145B2E&hash=item473a99d2ff:g:rh0AAOSwsBFnQDoR&itmprp=enc%3AAQAKAAAA8FkggFvd1GGDu0w3yXCmi1dn%2FWanZnaF%2BSCxxKmNavkuSpU4I4vLk7xgB5cc6y6ZYlb0bcUvDnOYbrsxX%2FZrlFbSEjyg3ujTGlYxH4QJ3H7egZZssMn91zIA7%2BOU1B1Ai2Jj3uCQ9OgjJjiGiDX8T2G4hC4H36qBIab8fKWIiD%2F4yY%2BITehuLVbkjT02ZBesyc%2FQjkLRMUlsEAXx3T3iM6pD5whZqDfK5IW6JdR7UmU5Fs%2BM7ZaxsVwXh9V28j2BSuQvY%2F%2BHgW%2BDmJE1LoCSaKjELRFFRbWaWjlcu6a6hCEi%2BbXTy5sAT6u9pWFY4sIeCA%3D%3D%7Ctkp%3ABk9SR_6b_p2gZQ,,"['£295.28', '£112.40', '£120.52', '£160.69', '£236.62', '£32.14', '£265.13', '£96.41']"
AS NEW RUCKUS ZONEDIRECTOR 1200 WIRELESS CONTROLLER (P/N: 901-1205-UK00).,40,45,40 GBP - 60 GBP,Unknown,"Bidding ends:
18 Feb 2025 12:20 GMT",As new Ruckus ZoneDirector 1200 Wireless Controller (P/N: 901-1205-UK00).,['https://portal-images.azureedge.net/auctions-2025/ibbc10376/images/f2687e81-ee67-4927-816c-b281010432f2.jpg?w=540&h=360'],https://www.i-bidder.com/en-gb/auction-catalogues/bcva/catalogue-id-ibbc10376/lot-617caceb-7214-495d-acc5-b28000e61592,25.00,20.00,,TRUE,TRUE,TRUE,£68.30,£66.93,ebay_sold,https://www.ebay.co.uk/itm/396090034747?_skw=as+ruckus+zonedirector+1200+wireless+controller+.&epid=10015313590&itmmeta=01JM0XZWZ3SRNFYXABGRT70WXN&hash=item5c38ce4a3b:g:l4AAAOSwMzVneWMT&itmprp=enc%3AAQAKAAABEFkggFvd1GGDu0w3yXCmi1eEe08YOUzhit5DvSnCo3VuQLzyx%2BzyHvtDovIpd1oadL28WjlK7pGkcV40hlpe%2BvFxTw19c5%2FP5xuFhdIO0vobxqgkWcdZ0cw53Md7wqCKYweKkN%2BhTK8qFxopcIfNP1IG7Bok0ty%2B%2B4F9Nbu6lQx8yoSHhM2xnTBRQT29M%2F%2BQrAlIL8hy%2FNOEk0%2BL2M%2Fgix9Nu8POVKKqcncw0QyBICT7CpcWEOXHydsGrAi4NLo2oqWVH0gxOMYJUuHOodsR2PZpmcbzlr0bDrW1k4vy41uvdnNhOT26ss4%2B6vSmV9bns1OYWsj7hyoqQl5m5EPZNcr2PFJXEIITTfTNwaceMwAn%7Ctkp%3ABk9SR9bP_52gZQ,,"['£299.00', '£100.00', '£160.69', '£224.96', '£58.36', '£68.30', '£40.00', '£561.63']"
AS NEW RUCKUS ZONEDIRECTOR 1200 WIRELESS CONTROLLER (P/N: 901-1205-UK00).,40,45,40 GBP - 60 GBP,Unknown,"Bidding ends:
18 Feb 2025 12:20 GMT",As new Ruckus ZoneDirector 1200 Wireless Controller (P/N: 901-1205-UK00).,['https://portal-images.azureedge.net/auctions-2025/ibbc10376/images/ddd62e8c-0b33-49a1-a6f9-b28101043381.jpg?w=540&h=360'],https://www.i-bidder.com/en-gb/auction-catalogues/bcva/catalogue-id-ibbc10376/lot-319f8507-5bab-455b-9e2c-b28000e615f5,25.00,20.00,,TRUE,TRUE,TRUE,£68.30,£66.93,ebay_sold,https://www.ebay.co.uk/itm/396090034747?_skw=as+ruckus+zonedirector+1200+wireless+controller+.&epid=10015313590&itmmeta=01JM0XZWZ3SRNFYXABGRT70WXN&hash=item5c38ce4a3b:g:l4AAAOSwMzVneWMT&itmprp=enc%3AAQAKAAABEFkggFvd1GGDu0w3yXCmi1eEe08YOUzhit5DvSnCo3VuQLzyx%2BzyHvtDovIpd1oadL28WjlK7pGkcV40hlpe%2BvFxTw19c5%2FP5xuFhdIO0vobxqgkWcdZ0cw53Md7wqCKYweKkN%2BhTK8qFxopcIfNP1IG7Bok0ty%2B%2B4F9Nbu6lQx8yoSHhM2xnTBRQT29M%2F%2BQrAlIL8hy%2FNOEk0%2BL2M%2Fgix9Nu8POVKKqcncw0QyBICT7CpcWEOXHydsGrAi4NLo2oqWVH0gxOMYJUuHOodsR2PZpmcbzlr0bDrW1k4vy41uvdnNhOT26ss4%2B6vSmV9bns1OYWsj7hyoqQl5m5EPZNcr2PFJXEIITTfTNwaceMwAn%7Ctkp%3ABk9SR9bP_52gZQ,,"['£299.00', '£100.00', '£160.69', '£224.96', '£58.36', '£68.30', '£40.00', '£561.63']"
AS NEW POLY SAVI 8210 UC USB-A HEADSET (P/N: 209213-02).,None,40,40 GBP - 60 GBP,Unknown,"Bidding ends:
18 Feb 2025 12:20 GMT",As new Poly Savi 8210 UC USB-A Headset (P/N: 209213-02).,['https://portal-images.azureedge.net/auctions-2025/ibbc10376/images/df72902f-40cc-4265-a461-b2810104344a.jpg?w=540&h=360'],https://www.i-bidder.com/en-gb/auction-catalogues/bcva/catalogue-id-ibbc10376/lot-1daa376e-66a4-4050-9341-b28000e61679,25.00,20.00,,TRUE,TRUE,TRUE,£68.30,£66.93,ebay_sold,https://www.ebay.co.uk/itm/356377748662?_skw=as+poly+savi+8210+uc+usb-a+headset+.&epid=2311153541&itmmeta=01JM0XYYZCFEC0SN8WC7ZBTE9Q&hash=item52f9c4e4b6:g:nKMAAOSwYhRnX3te&itmprp=enc%3AAQAKAAAA4FkggFvd1GGDu0w3yXCmi1eLrgzx9Ayr4%2BXrFKHTqlKs%2FnHEtrw%2BfWvCsLUvgdRNCoL0GPpY7xj3MTkyJIKnutpGXB7dK7GQbQuYbqlcg%2FSrVMUllpuhoTpOj8HOHazyfb3%2FFnRkRRYZa%2FR6QyeP6JjsjsANjSFUxZy%2Bld1tLchfdio6iG6FA5h7tGr76cSxU7P%2FNlYU2Qywti9D%2BewAT6epljHOv%2BTZ2YeTZtJkINNsnI4Jkaetenu9gjjQbGVe6c0e5Z04Y2%2B8RHn0NhjROBqlSsfvUw2OlGYpkdEgeZ4m%7Ctkp%3ABk9SR-bv-52gZQ,,"['£29.95', '£136.58', '£64.24', '£82.36', '£64.24', '£68.30', '£100.39', '£64.27']"
AS NEW HID SIGNO 40 SMARTCARD READER (P/N: 40NKS-02-0002BL) (EAN: 639399034572).,6,7,5 GBP - 10 GBP,Unknown,"Bidding ends:
18 Feb 2025 12:21 GMT",As new HID Signo 40 Smartcard Reader (P/N: 40NKS-02-0002BL) (EAN: 639399034572).,['https://portal-images.azureedge.net/auctions-2025/ibbc10376/images/e51a18fe-c7af-4ada-b7c9-b28200c4dd18.jpg?w=540&h=360'],https://www.i-bidder.com/en-gb/auction-catalogues/bcva/catalogue-id-ibbc10376/lot-8d320acb-38d5-41f5-8005-b28000e616d8,25.00,20.00,,TRUE,TRUE,TRUE,£80.35,£78.74,ebay_sold,https://www.ebay.co.uk/itm/205170524337?_skw=as+hid+signo+40+smartcard+reader+.&epid=3039999557&itmmeta=01JM0XZV8W24DKZRC2FC9GPC65&hash=item2fc51dc0b1:g:vjQAAOSwNdhnU9CQ&itmprp=enc%3AAQAKAAAA4FkggFvd1GGDu0w3yXCmi1eiMpABNPGR%2BjaDOs09OMIZOXHajPZG%2FN5jVw3OckCZMoT0WKYZ6S51JuHmMp0kLylndmDQ7ScqgCJTCnK9J%2BTbet1wI5B3Q9yJsbRvYv%2FWEV3RCB0%2FnR0SC%2Bqrojx6tXdZMYABjhUbPv3Fhk%2B83B0QMQfkq%2BKmXY%2FKAfVUkCeXjx3tl%2BbcgcisWp%2FuHhyF%2Bmj8uAQUNWmCt5HCfSefOzawb2ZQQOu%2FidTJMcXKTtmjL8Zvt94NyzOMF0MQnYwoWMP2C%2FbIcQd8eC0juB7BIHfF%7Ctkp%3ABk9SR8a0_52gZQ,,"['£68.29', '£72.31', '£100.43', '£59.46', '£72.31', '£68.29', '£108.47', '£80.35']"
AS NEW HID SIGNO 40 SMARTCARD READER (P/N: 40NKS-02-0002BL) (EAN: 639399034572).,6,7,5 GBP - 10 GBP,Unknown,"Bidding ends:
18 Feb 2025 12:21 GMT",As new HID Signo 40 Smartcard Reader (P/N: 40NKS-02-0002BL) (EAN: 639399034572).,['https://portal-images.azureedge.net/auctions-2025/ibbc10376/images/5a103c12-7d5c-4e40-81fa-b28200c4e4ce.jpg?w=540&h=360'],https://www.i-bidder.com/en-gb/auction-catalogues/bcva/catalogue-id-ibbc10376/lot-3ee2d2a6-31c9-4c83-b2a8-b28000e6176a,25.00,20.00,,TRUE,TRUE,TRUE,£80.35,£78.74,ebay_sold,https://www.ebay.co.uk/itm/205170524337?_skw=as+hid+signo+40+smartcard+reader+.&epid=3039999557&itmmeta=01JM0XZV8W24DKZRC2FC9GPC65&hash=item2fc51dc0b1:g:vjQAAOSwNdhnU9CQ&itmprp=enc%3AAQAKAAAA4FkggFvd1GGDu0w3yXCmi1eiMpABNPGR%2BjaDOs09OMIZOXHajPZG%2FN5jVw3OckCZMoT0WKYZ6S51JuHmMp0kLylndmDQ7ScqgCJTCnK9J%2BTbet1wI5B3Q9yJsbRvYv%2FWEV3RCB0%2FnR0SC%2Bqrojx6tXdZMYABjhUbPv3Fhk%2B83B0QMQfkq%2BKmXY%2FKAfVUkCeXjx3tl%2BbcgcisWp%2FuHhyF%2Bmj8uAQUNWmCt5HCfSefOzawb2ZQQOu%2FidTJMcXKTtmjL8Zvt94NyzOMF0MQnYwoWMP2C%2FbIcQd8eC0juB7BIHfF%7Ctkp%3ABk9SR8a0_52gZQ,,"['£68.29', '£72.31', '£100.43', '£59.46', '£72.31', '£68.29', '£108.47', '£80.35']"
AS NEW HID SIGNO 40 SMARTCARD READER (P/N: 40NKS-02-0002BL) (EAN: 639399034572).,6,7,5 GBP - 10 GBP,Unknown,"Bidding ends:
18 Feb 2025 12:21 GMT",As new HID Signo 40 Smartcard Reader (P/N: 40NKS-02-0002BL) (EAN: 639399034572).,['https://portal-images.azureedge.net/auctions-2025/ibbc10376/images/80c24abe-d029-42b3-9cef-b28200c4ec62.jpg?w=540&h=360'],https://www.i-bidder.com/en-gb/auction-catalogues/bcva/catalogue-id-ibbc10376/lot-ca989ee3-e921-4819-b8f2-b28000e617e1,25.00,20.00,,TRUE,TRUE,TRUE,£80.35,£78.74,ebay_sold,https://www.ebay.co.uk/itm/205170524337?_skw=as+hid+signo+40+smartcard+reader+.&epid=3039999557&itmmeta=01JM0XZV8W24DKZRC2FC9GPC65&hash=item2fc51dc0b1:g:vjQAAOSwNdhnU9CQ&itmprp=enc%3AAQAKAAAA4FkggFvd1GGDu0w3yXCmi1eiMpABNPGR%2BjaDOs09OMIZOXHajPZG%2FN5jVw3OckCZMoT0WKYZ6S51JuHmMp0kLylndmDQ7ScqgCJTCnK9J%2BTbet1wI5B3Q9yJsbRvYv%2FWEV3RCB0%2FnR0SC%2Bqrojx6tXdZMYABjhUbPv3Fhk%2B83B0QMQfkq%2BKmXY%2FKAfVUkCeXjx3tl%2BbcgcisWp%2FuHhyF%2Bmj8uAQUNWmCt5HCfSefOzawb2ZQQOu%2FidTJMcXKTtmjL8Zvt94NyzOMF0MQnYwoWMP2C%2FbIcQd8eC0juB7BIHfF%7Ctkp%3ABk9SR8a0_52gZQ,,"['£68.29', '£72.31', '£100.43', '£59.46', '£72.31', '£68.29', '£108.47', '£80.35']"
AS NEW HID SIGNO 40 SMARTCARD READER (P/N: 40NKS-02-0002BL) (EAN: 639399034572).,No Bid,Unknown,Unknown,Unknown,Unknown,Unknown,[],https://www.i-bidder.com/en-gb/auction-catalogues/bcva/catalogue-id-ibbc10376/lot-558ba0e8-83bd-40f3-9db6-b28000e6186f,0,0,,,,,£80.35,£78.74,ebay_sold,https://www.ebay.co.uk/itm/205170524337?_skw=as+hid+signo+40+smartcard+reader+.&epid=3039999557&itmmeta=01JM0XZV8W24DKZRC2FC9GPC65&hash=item2fc51dc0b1:g:vjQAAOSwNdhnU9CQ&itmprp=enc%3AAQAKAAAA4FkggFvd1GGDu0w3yXCmi1eiMpABNPGR%2BjaDOs09OMIZOXHajPZG%2FN5jVw3OckCZMoT0WKYZ6S51JuHmMp0kLylndmDQ7ScqgCJTCnK9J%2BTbet1wI5B3Q9yJsbRvYv%2FWEV3RCB0%2FnR0SC%2Bqrojx6tXdZMYABjhUbPv3Fhk%2B83B0QMQfkq%2BKmXY%2FKAfVUkCeXjx3tl%2BbcgcisWp%2FuHhyF%2Bmj8uAQUNWmCt5HCfSefOzawb2ZQQOu%2FidTJMcXKTtmjL8Zvt94NyzOMF0MQnYwoWMP2C%2FbIcQd8eC0juB7BIHfF%7Ctkp%3ABk9SR8a0_52gZQ,,"['£68.29', '£72.31', '£100.43', '£59.46', '£72.31', '£68.29', '£108.47', '£80.35']"
AS NEW HID SIGNO 40 SMARTCARD READER (P/N: 40NKS-02-0002BL) (EAN: 639399034572).,6,7,5 GBP - 10 GBP,Unknown,"Bidding ends:
18 Feb 2025 12:22 GMT",As new HID Signo 40 Smartcard Reader (P/N: 40NKS-02-0002BL) (EAN: 639399034572).,['https://portal-images.azureedge.net/auctions-2025/ibbc10376/images/ddbc4daf-baaa-4633-a0a1-b28200c4fc86.jpg?w=540&h=360'],https://www.i-bidder.com/en-gb/auction-catalogues/bcva/catalogue-id-ibbc10376/lot-f4e4e345-7b07-46cf-b47f-b28000e618fd,25.00,20.00,,TRUE,TRUE,TRUE,£80.35,£78.74,ebay_sold,https://www.ebay.co.uk/itm/205170524337?_skw=as+hid+signo+40+smartcard+reader+.&epid=3039999557&itmmeta=01JM0XZV8W24DKZRC2FC9GPC65&hash=item2fc51dc0b1:g:vjQAAOSwNdhnU9CQ&itmprp=enc%3AAQAKAAAA4FkggFvd1GGDu0w3yXCmi1eiMpABNPGR%2BjaDOs09OMIZOXHajPZG%2FN5jVw3OckCZMoT0WKYZ6S51JuHmMp0kLylndmDQ7ScqgCJTCnK9J%2BTbet1wI5B3Q9yJsbRvYv%2FWEV3RCB0%2FnR0SC%2Bqrojx6tXdZMYABjhUbPv3Fhk%2B83B0QMQfkq%2BKmXY%2FKAfVUkCeXjx3tl%2BbcgcisWp%2FuHhyF%2Bmj8uAQUNWmCt5HCfSefOzawb2ZQQOu%2FidTJMcXKTtmjL8Zvt94NyzOMF0MQnYwoWMP2C%2FbIcQd8eC0juB7BIHfF%7Ctkp%3ABk9SR8a0_52gZQ,,"['£68.29', '£72.31', '£100.43', '£59.46', '£72.31', '£68.29', '£108.47', '£80.35']"
AS NEW WEIDMÜLLER IE-SW-BL05-5TX UNMANAGED NETWORK SWITCH (EAN: 4050118028737).,None,10,10 GBP - 20 GBP,Unknown,"Bidding ends:
18 Feb 2025 12:23 GMT",As new Weidmüller IE-SW-BL05-5TX Unmanaged Network Switch (EAN: 4050118028737).,['https://portal-images.azureedge.net/auctions-2025/ibbc10376/images/a419974f-4451-46be-bbc1-b28101043c1e.jpg?w=540&h=360'],https://www.i-bidder.com/en-gb/auction-catalogues/bcva/catalogue-id-ibbc10376/lot-5b6bafbd-a978-44e3-9552-b28000e61bc6,25.00,20.00,,TRUE,TRUE,TRUE,£112.69,£110.44,ebay_sold,https://www.ebay.co.uk/itm/226299806766?_skw=as+weidm%C3%BCller+ie-sw-bl05-5tx+unmanaged+network+switch+.&itmmeta=01JM0XYYT6TBPJ4H4MMH24KTCZ&hash=item34b085042e:g:BaoAAOSwOrBmwUAd&itmprp=enc%3AAQAKAAABAFkggFvd1GGDu0w3yXCmi1dmizwkyLrnv9iYRe%2FJuJsZdufFw7wf%2FeFddeEAp%2FUoQFLJDL9b7Qd%2Fg16YAXn2hO8SIcjNHPhLsdR4%2B6EX9a9yIpQbJ9eIs0QQC2Yl1OLaKJdN7yZA2RvfKwosFv25O%2BHN5WPY7yc9HN68ZdJVt1iyVGaPQYpiaX9HUFmfU%2BfQRL7IYsqJS044i2LlLxTcQvYgSYk4qoBp%2BoEfU6oDcOoLBQOgSpn7PF5VdLPUICHOkk0GdZheMRc4asVarrgAJNNTTYa9ui%2BqMEq70wqMNIt4GTi3mcs10TdIZB1oX3wdOdxx86vNrTTkrUQxW3O6Mjg%3D%7Ctkp%3ABk9SR5zt-52gZQ,,"['£80.35', '£66.83', '£86.77', '£112.69', '£14.25', '£140.61', '£4.01', '£15.99']"
AS NEW WEG SSW07 61A 220-575V SOFT STARTER MOTOR CONTROLLER (EAN: 7894171148042).,No Bid,Unknown,Unknown,Unknown,Unknown,Unknown,[],https://www.i-bidder.com/en-gb/auction-catalogues/bcva/catalogue-id-ibbc10376/lot-723afd2c-590a-4bef-a02f-b28000e54ec8,0,0,,,,,£20.81,£20.39,ebay_sold,https://www.ebay.co.uk/itm/196550806349?_skw=as+weg+ssw07+61a+220-575v+soft+starter+motor+controller+.&itmmeta=01JM0XZ58W63J8STG1ZBTD0Z0M&hash=item2dc3574b4d:g:62wAAOSwogJmtcEp&itmprp=enc%3AAQAKAAABAFkggFvd1GGDu0w3yXCmi1enT0r6rnPt3NSsaLhhTDWa9o%2BmnP4tvsO4PiwX5M6X9Vyi5L3%2FIVIy4S%2FB1N09CksOgEjn2U1nLqgbOuu2dILioVW11zxwQGIWoc3n270gvFLgc0KA6yCgKbk2BJEQypgxkneCk2ReUyFyA%2FGHdLtNfi%2FP96SzQXQGgmGDEqTq7KtgUxR1gYwaXnxsevFi9tS4G%2FdaDJ%2BBlmQp8tX8VrxDKwCMvvqEiA6vRui1ewRGR%2BQkPoTKh5Z6yPHxRY4PaU1kaKmDgKflx35P3vcdfxv9mYQWnvZRDkCmsefI9OZlMBaManW6WZrXFMbVElFrw88%3D%7Ctkp%3ABk9SR8TU_J2gZQ,,"['£473.24', '£24.07', '£20.81', '£20.76', '£1192.48', '£22.72', '£18.15', '£21.69']"
"AS NEW ELO 1790L 17"" OPEN-FRAME LCD TOUCHSCREEN MONITOR (P/N: E330225 EAN: 815335025969).",No Bid,Unknown,Unknown,Unknown,Unknown,Unknown,[],https://www.i-bidder.com/en-gb/auction-catalogues/bcva/catalogue-id-ibbc10376/lot-6017cffb-e828-44c5-bb2c-b28000e54f35,0,0,,,,,£397.71,£389.76,ebay_sold,https://www.ebay.co.uk/itm/292816836386?_skw=as+elo+1790l+17%22+open-frame+lcd+touchscreen+monitor+.&itmmeta=01JM0XZB8M2421A80XN4V0C2J4&hash=item442d3e5722:g:48IAAOSwuIRc5ORQ&itmprp=enc%3AAQAKAAAA8FkggFvd1GGDu0w3yXCmi1f98vPJur93zfueuxboJoikeUMbpA663cvIrM1gscTjufXjCjVCNJ4laOwxdUUKpg%2F2HOzxoTTA2VPRwoy%2BhJDz0MHCCqgjumnaYQWXHj%2FdZi4s6QPPTA5QHmB5W%2FY8NvrVZ%2FIGg%2Fxn%2FDlEczrThu%2BXqJGFDX%2F84KDPH3zJ8Y%2F3mMjmypGv7iFd6uzaCWGYH1rZLdK7PZu8cOfwwMlyQ3Xp%2BYEINpUrhP6vF3qo52%2BpuBn9Hm1VWoHH6gmVK11gCnka8rNBu6BMjGksuEWLpaS1jmdgA4DHA8snkeK%2BpYaXng%3D%3D%7Ctkp%3ABk9SR7a0_Z2gZQ,,"['£78.99', '£397.71', '£78.99', '£15.00', '£140.57', '£28.12', '£48.20', '£152.65']"
"AS NEW NUVO 9160GC POE RUGGEDIZED AI COMPUTER (I5-12500TE, DDR5-16GB-WT48-1K) (BOX SEALED).",None,300,300 GBP - 360 GBP,Unknown,"Bidding ends:
18 Feb 2025 12:25 GMT","As new Nuvo 9160GC PoE Ruggedized AI Computer (I5-12500TE, DDR5-16GB-WT48-1K) (Box sealed).",['https://portal-images.azureedge.net/auctions-2025/ibbc10376/images/5a5f7cf9-1126-46cc-a878-b281010441c4.jpg?w=540&h=360'],https://www.i-bidder.com/en-gb/auction-catalogues/bcva/catalogue-id-ibbc10376/lot-6a3b5df5-aaed-4240-bac8-b28000e61f7a,25.00,20.00,,TRUE,TRUE,TRUE,,,ebay_sold,https://ebay.com/itm/123456?itmmeta=012DEW30YG0MEEKND7NH&hash=item123546:g:acwAA9KNiJowH:sc:ShippingMethodStandard!95008!US!-1&itmprp=enc%3AbgepL1tlUHjMGCVfSTGJh%2BzsVKeJ3CQk7NizDI4BZeppuFnmyS6Ijyp8lh%2FnEw%2BWqO7uTV1Q6izE1R0T54aV8j71F4xlWfVcGft4%2FiOQhtqVXA1rW6M1atPARQRmhqUxtEPJKhKtSFgI%2Bvwlzb0GwVCtkp%3ABlBMUObkmabpYw,,[]
PRE-OWNED APPLE IPHONE SE 2 A2296 64GB IN BLACK (BATTERY HEALTH 94%) (HTTPS://WWW.CHECKMEND.COM/UK/V,30,35,30 GBP - 50 GBP,Unknown,"Bidding ends:
18 Feb 2025 12:26 GMT",Pre-owned Apple iPhone SE 2 A2296 64GB in Black (Battery health 94%) (https://www.checkmend.com/uk/verify/CM20663405-22160).,"['https://portal-images.azureedge.net/auctions-2025/ibbc10376/images/a995524d-fb6d-4097-8622-b28101044256.jpg?w=540&h=360', 'https://portal-images.azureedge.net/auctions-2025/ibbc10376/images/bffe25cf-7cdb-4df3-8e6e-b28200ac442d.jpg?w=540&h=360', 'https://portal-images.azureedge.net/auctions-2025/ibbc10376/images/a995524d-fb6d-4097-8622-b28101044256.jpg?w=80&h=80', 'https://portal-images.azureedge.net/auctions-2025/ibbc10376/images/bffe25cf-7cdb-4df3-8e6e-b28200ac442d.jpg?w=80&h=80']",https://www.i-bidder.com/en-gb/auction-catalogues/bcva/catalogue-id-ibbc10376/lot-09e3cdc5-42be-457f-96c1-b28000e61ffd,25.00,20.00,,TRUE,TRUE,TRUE,,,ebay_sold,https://ebay.com/itm/123456?itmmeta=012DEW30YG0MEEKND7NH&hash=item123546:g:acwAA9KNiJowH:sc:ShippingMethodStandard!95008!US!-1&itmprp=enc%3AbgepL1tlUHjMGCVfSTGJh%2BzsVKeJ3CQk7NizDI4BZeppuFnmyS6Ijyp8lh%2FnEw%2BWqO7uTV1Q6izE1R0T54aV8j71F4xlWfVcGft4%2FiOQhtqVXA1rW6M1atPARQRmhqUxtEPJKhKtSFgI%2Bvwlzb0GwVCtkp%3ABlBMUObkmabpYw,,"['£15.00', '£80.34', '£2.39', '£23.78', '£24.90', '£47.54', '£108.44', '£9.99']"
PRE-OWNED APPLE IPHONE 14 PRO A2650 512GB IN SPACE BLACK (BATTERY HEALTH 88% - FACE ID FAULT) (CHECK,55,60,40 GBP - 60 GBP,Unknown,"Bidding ends:
18 Feb 2025 12:26 GMT",Pre-owned Apple iPhone 14 Pro A2650 512GB in Space Black (Battery health 88% - Face ID Fault) (Checkmend report available on request).,"['https://portal-images.azureedge.net/auctions-2025/ibbc10376/images/53d4503b-fb4d-4b48-979c-b28200aa3c0e.jpg?w=540&h=360', 'https://portal-images.azureedge.net/auctions-2025/ibbc10376/images/e12918f7-1866-4c35-898b-b281010442e4.jpg?w=540&h=360', 'https://portal-images.azureedge.net/auctions-2025/ibbc10376/images/47212c45-459d-41f8-b118-b28200aa3bcc.jpg?w=540&h=360', 'https://portal-images.azureedge.net/auctions-2025/ibbc10376/images/53d4503b-fb4d-4b48-979c-b28200aa3c0e.jpg?w=80&h=80', 'https://portal-images.azureedge.net/auctions-2025/ibbc10376/images/e12918f7-1866-4c35-898b-b281010442e4.jpg?w=80&h=80', 'https://portal-images.azureedge.net/auctions-2025/ibbc10376/images/47212c45-459d-41f8-b118-b28200aa3bcc.jpg?w=80&h=80']",https://www.i-bidder.com/en-gb/auction-catalogues/bcva/catalogue-id-ibbc10376/lot-3cc53a96-af3e-472e-ae6a-b28000e62070,25.00,20.00,,TRUE,TRUE,TRUE,£942.70,£923.85,ebay_sold,https://www.ebay.co.uk/itm/296845213257?_skw=pre-owned+apple+iphone+14+pro+a2650+512gb+in+space+black+%28check&epid=15062770508&itmmeta=01JM0XZTMRXQXKJF4EK3ASEN0P&hash=item451d5a7e49:g:jesAAOSwm0xnSPOs&itmprp=enc%3AAQAKAAABIFkggFvd1GGDu0w3yXCmi1f6g5ZAa53S5J3sj%2FoYFabVZ4KfDtfu5FpllvDEeNAUtmvzMRPdntgn8UxVdNSMlD7EVvzF4Wj81CnVmcdtjWHJNlNezr0XtKdCreVF1sCuH6LJLP70LXL9TBU%2FGGRNEXqsU5yAI%2F%2Bo0hH01V6lvT%2FHoshLW8Cia%2FmWmPa%2FtqvpJCT6S4Bsqaeq4rHccfpTMePvMBTqzT%2BV3gUt%2F7qwpgj25O7IeC43Ob79dpxBqcVtF9NRW4behSLzmi9XMzZH2LSN1R9yTPXUhILf0xkgBWdHanCUtCgCBl3fvsa6VD47ZyKcPsYIyIDoHDyy1E8klPOzNO4nlBuWl1nWUBpZeZRE3whTLd6aaPVL%2F5mOvGjwoA%3D%3D%7Ctkp%3ABk9SR8Kq_52gZQ,,"['£942.70', '£538.09', '£433.81', '£667.40', '£556.44', '£395.43', '£513.06', '£642.37']"
PRE-OWNED APPLE IPHONE 14 PRO MAX A2894 256GB IN SPACE BLACK (BATTERY HEALTH 87%) (CHECKMEND REPORT,65,70,55 GBP - 75 GBP,Unknown,"Bidding ends:
18 Feb 2025 12:26 GMT",Pre-owned Apple iPhone 14 Pro Max A2894 256GB in Space Black (Battery health 87%) (Checkmend report available on request).,"['https://portal-images.azureedge.net/auctions-2025/ibbc10376/images/e8e86f7b-a738-4761-8117-b28200aa1681.jpg?w=540&h=360', 'https://portal-images.azureedge.net/auctions-2025/ibbc10376/images/1cd9a034-d022-41b1-8dcf-b2810104437d.jpg?w=540&h=360', 'https://portal-images.azureedge.net/auctions-2025/ibbc10376/images/9815f8c4-9f2e-42f8-bb07-b28200aa16c8.jpg?w=540&h=360', 'https://portal-images.azureedge.net/auctions-2025/ibbc10376/images/e8e86f7b-a738-4761-8117-b28200aa1681.jpg?w=80&h=80', 'https://portal-images.azureedge.net/auctions-2025/ibbc10376/images/1cd9a034-d022-41b1-8dcf-b2810104437d.jpg?w=80&h=80', 'https://portal-images.azureedge.net/auctions-2025/ibbc10376/images/9815f8c4-9f2e-42f8-bb07-b28200aa16c8.jpg?w=80&h=80']",https://www.i-bidder.com/en-gb/auction-catalogues/bcva/catalogue-id-ibbc10376/lot-d276bf67-0141-42af-a6ec-b28000e620ef,25.00,20.00,,TRUE,TRUE,TRUE,,,ebay_sold,https://ebay.com/itm/123456?itmmeta=012DEW30YG0MEEKND7NH&hash=item123546:g:acwAA9KNiJowH:sc:ShippingMethodStandard!95008!US!-1&itmprp=enc%3AbgepL1tlUHjMGCVfSTGJh%2BzsVKeJ3CQk7NizDI4BZeppuFnmyS6Ijyp8lh%2FnEw%2BWqO7uTV1Q6izE1R0T54aV8j71F4xlWfVcGft4%2FiOQhtqVXA1rW6M1atPARQRmhqUxtEPJKhKtSFgI%2Bvwlzb0GwVCtkp%3ABlBMUObkmabpYw,,['£7.22']
PRE-OWNED APPLE IPHONE 14 PRO MAX A2894 256GB IN SPACE BLACK (BATTERY HEALTH 84%) (CHECKMEND REPORT,55,60,55 GBP - 75 GBP,Unknown,"Bidding ends:
18 Feb 2025 12:26 GMT",Pre-owned Apple iPhone 14 Pro Max A2894 256GB in Space Black (Battery health 84%) (Checkmend report available on request).,"['https://portal-images.azureedge.net/auctions-2025/ibbc10376/images/720d4007-afbf-4b28-add4-b28200a96977.jpg?w=540&h=360', 'https://portal-images.azureedge.net/auctions-2025/ibbc10376/images/eed66448-cab3-4331-8b2c-b281010443ff.jpg?w=540&h=360', 'https://portal-images.azureedge.net/auctions-2025/ibbc10376/images/9981ad2b-8837-4f93-bbcf-b28200a96950.jpg?w=540&h=360', 'https://portal-images.azureedge.net/auctions-2025/ibbc10376/images/720d4007-afbf-4b28-add4-b28200a96977.jpg?w=80&h=80', 'https://portal-images.azureedge.net/auctions-2025/ibbc10376/images/eed66448-cab3-4331-8b2c-b281010443ff.jpg?w=80&h=80', 'https://portal-images.azureedge.net/auctions-2025/ibbc10376/images/9981ad2b-8837-4f93-bbcf-b28200a96950.jpg?w=80&h=80']",https://www.i-bidder.com/en-gb/auction-catalogues/bcva/catalogue-id-ibbc10376/lot-fc6e32ff-d5db-43c0-b895-b28000e62170,25.00,20.00,,TRUE,TRUE,TRUE,,,ebay_sold,https://ebay.com/itm/123456?itmmeta=012DEW30YG0MEEKND7NH&hash=item123546:g:acwAA9KNiJowH:sc:ShippingMethodStandard!95008!US!-1&itmprp=enc%3AbgepL1tlUHjMGCVfSTGJh%2BzsVKeJ3CQk7NizDI4BZeppuFnmyS6Ijyp8lh%2FnEw%2BWqO7uTV1Q6izE1R0T54aV8j71F4xlWfVcGft4%2FiOQhtqVXA1rW6M1atPARQRmhqUxtEPJKhKtSFgI%2Bvwlzb0GwVCtkp%3ABlBMUObkmabpYw,,['£7.22']
PRE-OWNED APPLE IPHONE 12 A2403 64GB IN WHITE (BATTERY HEALTH 100%) (CHECKMEND REPORT AVAILABLE ON R,50,55,50 GBP - 70 GBP,Unknown,"Bidding ends:
18 Feb 2025 12:27 GMT",Pre-owned Apple iPhone 12 A2403 64GB in White (Battery health 100%) (Checkmend report available on request).,"['https://portal-images.azureedge.net/auctions-2025/ibbc10376/images/5e29550a-b365-44b6-9518-b28200a94a6b.jpg?w=540&h=360', 'https://portal-images.azureedge.net/auctions-2025/ibbc10376/images/cf09e678-9541-4077-a1f1-b28101044486.jpg?w=540&h=360', 'https://portal-images.azureedge.net/auctions-2025/ibbc10376/images/9d546b9e-78a8-4007-98fc-b28200a94a27.jpg?w=540&h=360', 'https://portal-images.azureedge.net/auctions-2025/ibbc10376/images/5e29550a-b365-44b6-9518-b28200a94a6b.jpg?w=80&h=80', 'https://portal-images.azureedge.net/auctions-2025/ibbc10376/images/cf09e678-9541-4077-a1f1-b28101044486.jpg?w=80&h=80', 'https://portal-images.azureedge.net/auctions-2025/ibbc10376/images/9d546b9e-78a8-4007-98fc-b28200a94a27.jpg?w=80&h=80']",https://www.i-bidder.com/en-gb/auction-catalogues/bcva/catalogue-id-ibbc10376/lot-35933909-5a25-4de5-a0f3-b28000e621fd,25.00,20.00,,TRUE,TRUE,TRUE,£8.03,£7.87,ebay_sold,https://www.ebay.co.uk/itm/276797471789?_skw=pre-owned+apple+iphone+12+a2403+64gb+in+white+%28checkmend+report+available+on+r&itmmeta=01JM0XZ74RB5YVTKQ7PAEHKPNM&hash=item40726a3c2d:g:XbYAAOSwem5ncg1U&itmprp=enc%3AAQAKAAABMFkggFvd1GGDu0w3yXCmi1dfe5NN7%2BAQi%2FT4MSS%2BsidiTJ1Ik9GNsuZib0IgAtmZ0vvWEF5LvCRtOrarG5E9NSO84n%2BRgZ5OTjI0h%2FpZ7YMK5JYXNIN9aUv0O7xCaHBxfFiLIOoGXhD7gdvZCVEPHQn%2FjhWbbvnswheExrWKVdXCYi0BnXwnZ2CLyvoVLi69nKJ%2FHwyC75hknx2OKcpf7FHc102qF9bN5bUy6ldyqupdNOGCRU%2BezwnGTZO8cKzyjs%2BejWYDmjVSFZIPIMy1hOSwXdKdmkxecNvqGqRv75T3ubza%2FMBbG5aA%2Fyph20HbXUDmfECkDyyoyw%2BUmVO0Ft4uYAMitKR1dx54SxZzEA3UqqvsrVGCdY11z5u75BdRB9bUEKaM49k%2FALJU7mhERXQ%3D%7Ctkp%3ABk9SR7zy_J2gZQ,,"['£141.81', '£8.03', '£16.68']"
PRE-OWNED IPAD AIR 4TH GEN (WI-FI ONLY/A2316) 64GB IN SKY BLUE (BATTERY HEALTH 93%) (S/N: FRNJP0D7Q1,None,40,40 GBP - 60 GBP,Unknown,"Bidding ends:
18 Feb 2025 12:29 GMT",Pre-owned iPad Air 4th Gen (Wi-Fi Only/A2316) 64GB in Sky Blue (Battery health 93%) (S/N: FRNJP0D7Q16Q).,"['https://portal-images.azureedge.net/auctions-2025/ibbc10376/images/f085b082-96d0-45e5-8396-b28200a90f87.jpg?w=540&h=360', 'https://portal-images.azureedge.net/auctions-2025/ibbc10376/images/af10a3c6-73c5-4814-9db1-b28101044865.jpg?w=540&h=360', 'https://portal-images.azureedge.net/auctions-2025/ibbc10376/images/02cce087-e4fd-4240-bd57-b28200a90f3d.jpg?w=540&h=360', 'https://portal-images.azureedge.net/auctions-2025/ibbc10376/images/f085b082-96d0-45e5-8396-b28200a90f87.jpg?w=80&h=80', 'https://portal-images.azureedge.net/auctions-2025/ibbc10376/images/af10a3c6-73c5-4814-9db1-b28101044865.jpg?w=80&h=80', 'https://portal-images.azureedge.net/auctions-2025/ibbc10376/images/02cce087-e4fd-4240-bd57-b28200a90f3d.jpg?w=80&h=80']",https://www.i-bidder.com/en-gb/auction-catalogues/bcva/catalogue-id-ibbc10376/lot-262d02c7-4f2a-4175-805d-b28000e625fa,25.00,20.00,,TRUE,TRUE,TRUE,,,ebay_sold,https://ebay.com/itm/123456?itmmeta=012DEW30YG0MEEKND7NH&hash=item123546:g:acwAA9KNiJowH:sc:ShippingMethodStandard!95008!US!-1&itmprp=enc%3AbgepL1tlUHjMGCVfSTGJh%2BzsVKeJ3CQk7NizDI4BZeppuFnmyS6Ijyp8lh%2FnEw%2BWqO7uTV1Q6izE1R0T54aV8j71F4xlWfVcGft4%2FiOQhtqVXA1rW6M1atPARQRmhqUxtEPJKhKtSFgI%2Bvwlzb0GwVCtkp%3ABlBMUObkmabpYw,,"['£277.20', '£325.41', '£200.75', '£200.75', '£293.26', '£224.97', '£200.75', '£281.21']"
"PRE-OWNED APPLE IPAD PRO 12.9"" (WI-FI ONLY - 3RD GEN) 256GB IN SILVER (BATTERY HEALTH 87%) (S/N: DLX",40,45,40 GBP - 60 GBP,Unknown,"Bidding ends:
18 Feb 2025 12:29 GMT","Pre-owned Apple iPad Pro 12.9"" (Wi-Fi Only - 3rd Gen) 256GB in Silver (Battery health 87%) (S/N: DLXZL2K0K7RH).","['https://portal-images.azureedge.net/auctions-2025/ibbc10376/images/5c480122-df72-462e-83d5-b28200a8ccc7.jpg?w=540&h=360', 'https://portal-images.azureedge.net/auctions-2025/ibbc10376/images/c1851b85-4242-4c20-b396-b28101044918.jpg?w=540&h=360', 'https://portal-images.azureedge.net/auctions-2025/ibbc10376/images/4c144dea-4580-4ca4-99f3-b28200a8ccf4.jpg?w=540&h=360', 'https://portal-images.azureedge.net/auctions-2025/ibbc10376/images/5c480122-df72-462e-83d5-b28200a8ccc7.jpg?w=80&h=80', 'https://portal-images.azureedge.net/auctions-2025/ibbc10376/images/c1851b85-4242-4c20-b396-b28101044918.jpg?w=80&h=80', 'https://portal-images.azureedge.net/auctions-2025/ibbc10376/images/4c144dea-4580-4ca4-99f3-b28200a8ccf4.jpg?w=80&h=80']",https://www.i-bidder.com/en-gb/auction-catalogues/bcva/catalogue-id-ibbc10376/lot-5635be9c-b3ed-456b-a6f8-b28000e6265d,25.00,20.00,,TRUE,TRUE,TRUE,,,ebay_sold,https://ebay.com/itm/123456?itmmeta=012DEW30YG0MEEKND7NH&hash=item123546:g:acwAA9KNiJowH:sc:ShippingMethodStandard!95008!US!-1&itmprp=enc%3AbgepL1tlUHjMGCVfSTGJh%2BzsVKeJ3CQk7NizDI4BZeppuFnmyS6Ijyp8lh%2FnEw%2BWqO7uTV1Q6izE1R0T54aV8j71F4xlWfVcGft4%2FiOQhtqVXA1rW6M1atPARQRmhqUxtEPJKhKtSFgI%2Bvwlzb0GwVCtkp%3ABlBMUObkmabpYw,,"['£504.08', '£409.65']"
"PRE-OWNED APPLE IPAD 10.2"" 8TH GEN (WI-FI ONLY) 32GB IN GOLD (BATTERY HEALTH 92%) (S/N: DMQDQ09JQ1GF",None,30,30 GBP - 50 GBP,Unknown,"Bidding ends:
18 Feb 2025 12:29 GMT","Pre-owned Apple iPad 10.2"" 8th Gen (Wi-Fi Only) 32GB in Gold (Battery health 92%) (S/N: DMQDQ09JQ1GF).","['https://portal-images.azureedge.net/auctions-2025/ibbc10376/images/b35e0e99-81de-49e3-8944-b28200a8adb4.jpg?w=540&h=360', 'https://portal-images.azureedge.net/auctions-2025/ibbc10376/images/a3a5d4cd-56e6-475b-85a1-b281010449a7.jpg?w=540&h=360', 'https://portal-images.azureedge.net/auctions-2025/ibbc10376/images/13501fcc-fdaf-4769-a05e-b28200a8ad2c.jpg?w=540&h=360', 'https://portal-images.azureedge.net/auctions-2025/ibbc10376/images/b35e0e99-81de-49e3-8944-b28200a8adb4.jpg?w=80&h=80', 'https://portal-images.azureedge.net/auctions-2025/ibbc10376/images/a3a5d4cd-56e6-475b-85a1-b281010449a7.jpg?w=80&h=80', 'https://portal-images.azureedge.net/auctions-2025/ibbc10376/images/13501fcc-fdaf-4769-a05e-b28200a8ad2c.jpg?w=80&h=80']",https://www.i-bidder.com/en-gb/auction-catalogues/bcva/catalogue-id-ibbc10376/lot-79711323-45e3-4e36-942a-b28000e626ea,25.00,20.00,,TRUE,TRUE,TRUE,,,ebay_sold,https://ebay.com/itm/123456?itmmeta=012DEW30YG0MEEKND7NH&hash=item123546:g:acwAA9KNiJowH:sc:ShippingMethodStandard!95008!US!-1&itmprp=enc%3AbgepL1tlUHjMGCVfSTGJh%2BzsVKeJ3CQk7NizDI4BZeppuFnmyS6Ijyp8lh%2FnEw%2BWqO7uTV1Q6izE1R0T54aV8j71F4xlWfVcGft4%2FiOQhtqVXA1rW6M1atPARQRmhqUxtEPJKhKtSFgI%2Bvwlzb0GwVCtkp%3ABlBMUObkmabpYw,,"['£3.99', '£6.99', '£3.90', '£4.99', '£8.49', '£2.89', '£4.90', '£208.56']"
