name,current_bid,opening_bid,estimate_bid,buy_it_now,end_time,description,images,url,commission,vat_rate,has_buy_it_now,has_estimate,has_current_bid,has_opening_bid
"RRP £283.00 ELECTROLUX PURE Q9, CORDLESS STICK VACUUM CLEANER, 2-IN-1, LIGHTWEIGHT AND POWERFUL, L",No Bid,Unknown,Unknown,Unknown,Unknown,Unknown,[],https://www.i-bidder.com/en-gb/auction-catalogues/coreva/catalogue-id-coreva11287/lot-58f03e68-ab36-4aa4-8246-b27400f7c3c9,0,0,,,,
"MICROSOFT SURFACE GO TYPE COVER, BLACK. BOX DAMAGED",None,16,16 GBP - 30 GBP,Unknown,"Bidding ends:
17 Feb 2025 12:01 GMT","Microsoft Surface Go Type Cover, Black. Box damaged",['https://portal-images.azureedge.net/auctions-2025/vf-auc10599/images/6786bc0d-6026-43b9-a4ee-b27b00aa9bac.jpg?w=540&h=360'],https://www.i-bidder.com/en-gb/auction-catalogues/vfauctions/catalogue-id-vf-auc10599/lot-66e39f1e-65ea-483d-9075-b27b00a39532,25.00,20.00,,TRUE,TRUE,TRUE
"NUMATIC HENRY NRV200-22 VACUUM CLEANER, AND QUANTITY OF FILTER BAGS",No Bid,Unknown,Unknown,Unknown,Unknown,Unknown,[],https://www.i-bidder.com/en-gb/auction-catalogues/eddisons/catalogue-id-eddiso12232/lot-1232acb5-4433-4bc0-86a4-b27b00b44d3e,0,0,,,,
"RRP - £3710, 1 PALLET OF ELECTRONICS & MORE BY BEATS, EMPORIA, GIGASET, PANASONIC & MORE/1618-WQ",No Bid,Unknown,Unknown,Unknown,Unknown,Unknown,[],https://www.i-bidder.com/en-gb/auction-catalogues/william-george-auctions/catalogue-id-wi416207/lot-795a867a-74b4-4386-b4a4-b27c00e5b3bb,0,0,,,,
DIMPLEX OPTIMYST 2000W MATT BLACK CAST IRON EFFECT ELECTRIC STOVE. - PWBW.,No Bid,Unknown,Unknown,Unknown,Unknown,Unknown,[],https://www.i-bidder.com/en-gb/auction-catalogues/supremeauctions/catalogue-id-suprem14935/lot-687b6302-f1fd-4120-a07a-b28201023ca3,0,0,,,,
BOSE ACOUSTIMASS SUBWOOFER PS3-2-1,No Bid,Unknown,Unknown,Unknown,Unknown,Unknown,[],https://www.i-bidder.com/en-gb/auction-catalogues/coreva/catalogue-id-coreva11287/lot-45a8703a-2ba0-45c2-8134-b27400f7c690,0,0,,,,
HARMIN MODERN 160CM TV STAND CABINET UNIT WITH HIGH GLOSS DOORS (BLACK ON BLACK),No Bid,Unknown,Unknown,Unknown,Unknown,Unknown,[],https://www.i-bidder.com/en-gb/auction-catalogues/eamagroup/catalogue-id-eama-g10626/lot-ddbed468-5479-430d-a276-b27d018810d1,0,0,,,,
"CANON PIXMA TS3350 WIRELESS COLOUR ALL IN ONE INKJET PHOTO PRINTER, BLACK - ER22",No Bid,Unknown,Unknown,Unknown,Unknown,Unknown,[],https://www.i-bidder.com/en-gb/auction-catalogues/supremeauctions/catalogue-id-suprem14931/lot-47ea97b5-3455-4f13-ad62-b27d00d8cd13,0,0,,,,
"TOWER T17039 XPRESS PRO 5-IN-1 DIGITAL AIR FRYER OVEN WITH RAPID AIR CIRCULATION, 60-MINUTE TIMER,",No Bid,Unknown,Unknown,Unknown,Unknown,Unknown,[],https://www.i-bidder.com/en-gb/auction-catalogues/supremeauctions/catalogue-id-suprem14914/lot-d7f32093-def7-4e54-b93e-b27a01071118,0,0,,,,
"LARGE PALLET OF HIGH END PRINTERS TO INCLUDE; CANON, HP AND MORE IN VARIOUS MODELS, MAY INCLUDE XP-",No Bid,Unknown,Unknown,Unknown,Unknown,Unknown,[],https://www.i-bidder.com/en-gb/auction-catalogues/supremeauctions/catalogue-id-suprem14914/lot-5d1d6316-a2c8-4e8e-b766-b27c008fcda1,0,0,,,,
"2 X BLACK+DECKER | WALLPAPER STEAMER STRIPPER WITH PAD, 2400 W. - EBRF",No Bid,Unknown,Unknown,Unknown,Unknown,Unknown,[],https://www.i-bidder.com/en-gb/auction-catalogues/supremeauctions/catalogue-id-suprem14914/lot-3d621980-6f15-46cf-9fb3-b27a01071118,0,0,,,,
RRP £84.00 SCS SENTINEL WIRED VIDEO INTERCOM PRIM'VISIOFIRST 4.3 PVF0050 WHITE,No Bid,Unknown,Unknown,Unknown,Unknown,Unknown,[],https://www.i-bidder.com/en-gb/auction-catalogues/coreva/catalogue-id-coreva11294/lot-07063bb6-905c-42b7-8094-b27d00d86aa6,0,0,,,,
STEELSERIES ARCTIS 1 - COMPATIBLE WITH ALL PLATFORMS - DETACHABLE CLEARCAST MICROPHONE,No Bid,Unknown,Unknown,Unknown,Unknown,Unknown,[],https://www.i-bidder.com/en-gb/auction-catalogues/coreva/catalogue-id-coreva11291/lot-66493f24-2c4c-4ab8-a0de-b27d00d295a4,0,0,,,,
BLACK LEATHER BEDSIDE WITH BUILT IN RECHARGEABLE POP UP BLUETOOTH SPEAKER,No Bid,Unknown,Unknown,Unknown,Unknown,Unknown,[],https://www.i-bidder.com/en-gb/auction-catalogues/eamagroup/catalogue-id-eama-g10626/lot-6ba80e1e-6904-4818-a44c-b27d0189092a,0,0,,,,
"BELDRAY BEL0820 ULTRA CERAMIC STEAM IRON WITH DUAL SOLEPLATE TECHNOLOGY, 3100 W, 300 ML,. - BW.",No Bid,Unknown,Unknown,Unknown,Unknown,Unknown,[],https://www.i-bidder.com/en-gb/auction-catalogues/supremeauctions/catalogue-id-suprem14914/lot-4b18bb58-3583-4387-a24b-b27a01071125,0,0,,,,
PAIR OF ELINCHROM D-LITE RX ONE STUDIO LIGHTS,No Bid,Unknown,Unknown,Unknown,Unknown,Unknown,[],https://www.i-bidder.com/en-gb/auction-catalogues/ncm/catalogue-id-ncm-au11115/lot-1c0477cb-3915-4ef3-9287-b24f01105ca4,0,0,,,,
Unknown,No Bid,Unknown,Unknown,Unknown,Unknown,Unknown,[],https://www.i-bidder.com/en-gb/auction-catalogues/eddisons,0,0,,,,
Unknown,No Bid,Unknown,Unknown,Unknown,Unknown,Unknown,[],https://www.i-bidder.com/en-gb/auction-catalogues/ncm,0,0,,,,
LENOVO IDEAPAD 330S WINDOWS 11 15.6” AMD RYZEN 3 4GB DDR4 1TB HD RADEON VEGA HDMI WEBCAM,No Bid,Unknown,Unknown,Unknown,Unknown,Unknown,[],https://www.i-bidder.com/en-gb/auction-catalogues/william-george-auctions/catalogue-id-wi416217/lot-918c5adc-c2b4-4904-80f2-b27400da9354,0,0,,,,
REFURBISHED BOXED HISENSE AX5100G 5.1 CHANNEL 340W DOBLY ATMOS SOUNDBAR WITH WIRELESS SUBWOOFER. -,No Bid,Unknown,Unknown,Unknown,Unknown,Unknown,[],https://www.i-bidder.com/en-gb/auction-catalogues/supremeauctions/catalogue-id-suprem14954/lot-e8964b14-7070-4453-a85f-b27f015d84d8,0,0,,,,
RRP £213.00 APPLE AIRPODS PRO (1. GENERATION) WITH MAGSAFE CHARGING CASE (2021),No Bid,Unknown,Unknown,Unknown,Unknown,Unknown,[],https://www.i-bidder.com/en-gb/auction-catalogues/coreva/catalogue-id-coreva11297/lot-b606a67e-75f1-4a45-8648-b28200c31cdc,0,0,,,,
RRP £99.00 JBL TUNE 125 TWS IN-EAR BLUETOOTH HEADPHONES IN BLUE - WIRELESS EARPHONES WITH BUILT-I,No Bid,Unknown,Unknown,Unknown,Unknown,Unknown,[],https://www.i-bidder.com/en-gb/auction-catalogues/coreva/catalogue-id-coreva11294/lot-6e91ff44-dd36-4b7a-879b-b27d00d86814,0,0,,,,
"FIRST STOP MEMORY BLU PAT TESTER, TO CASE",No Bid,Unknown,Unknown,Unknown,Unknown,Unknown,[],https://www.i-bidder.com/en-gb/auction-catalogues/eddisons/catalogue-id-eddiso12232/lot-ad9eb351-b0bc-4c70-951c-b27b00b44900,0,0,,,,
"HISENSE 55A6GTUK (55 INCH) UNBOXED 4K UHD SMART TV, WITH DOLBY VISION HDR, DTS VIRTUAL X, YOUTUBE,",No Bid,Unknown,Unknown,Unknown,Unknown,Unknown,[],https://www.i-bidder.com/en-gb/auction-catalogues/supremeauctions/catalogue-id-suprem14721/lot-65574e68-d927-49fe-829f-b282008541c9,0,0,,,,
WHITE LEATHER BEDSIDE WITH BUILT IN RECHARGEABLE POP UP BLUETOOTH SPEAKER,No Bid,Unknown,Unknown,Unknown,Unknown,Unknown,[],https://www.i-bidder.com/en-gb/auction-catalogues/eamagroup/catalogue-id-eama-g10626/lot-12e1ed7b-29db-4f6f-a790-b27d0188d1d5,0,0,,,,
"LARGE PALLET OF UNBOXED HIGH-END KITCHEN & APPLIANCES STOCK – MAY INCLUDE: AIR FRYERS, ELECTRIC",No Bid,Unknown,Unknown,Unknown,Unknown,Unknown,[],https://www.i-bidder.com/en-gb/auction-catalogues/supremeauctions/catalogue-id-suprem14937/lot-eb45f2d4-1ed0-4f0e-8c86-b27d00b06550,0,0,,,,
"ACER NITRO 5 LAPTOP, AMD RYZEN 7 5800H, 16GB RAM, 256GB SSD, UK KEYBOARD, NO OS INSTALLED. USED, WIT",130,140,130 GBP - 150 GBP,Unknown,"Bidding ends:
24 Feb 2025 12:05 GMT","Acer Nitro 5 Laptop, AMD Ryzen 7 5800H, 16GB RAM, 256GB SSD, UK Keyboard, No OS Installed. Used, with Power Supply, No Box Or Other Accessories. RRP £500",['https://portal-images.azureedge.net/auctions-2025/vf-auc10601/images/4b99fa6f-f63d-4078-9b13-b28100f8f29b.jpg?w=540&h=360'],https://www.i-bidder.com/en-gb/auction-catalogues/vfauctions/catalogue-id-vf-auc10601/lot-61258ddd-7638-42ca-8ba4-b28100f36108,25.00,20.00,,TRUE,TRUE,TRUE
PROFESSIONAL A3 SCANNER EPSON GT-15000 - FLATBED SCANNER HIGH RESOLUTION,No Bid,Unknown,Unknown,Unknown,Unknown,Unknown,[],https://www.i-bidder.com/en-gb/auction-catalogues/william-george-auctions/catalogue-id-wi416217/lot-d62e7917-9af3-4cf9-a912-b27400daa5b2,0,0,,,,
"LENOVO THINKPAD X1 YOGA GEN 8 LAPTOP, 13TH GEN INTEL CORE I7-1355U, 16GB RAM, 512GB SSD, WINDOWS 11.",None,500,500 GBP - 600 GBP,Unknown,"Bidding ends:
24 Feb 2025 12:07 GMT","Lenovo ThinkPad X1 Yoga Gen 8 Laptop, 13th Gen Intel Core I7-1355U, 16GB RAM, 512GB SSD, Windows 11. New, Box Opened. RRP £2015",['https://portal-images.azureedge.net/auctions-2025/vf-auc10601/images/a149f622-50e7-462d-b9ab-b28100f8f8c1.jpg?w=540&h=360'],https://www.i-bidder.com/en-gb/auction-catalogues/vfauctions/catalogue-id-vf-auc10601/lot-03b080ed-2987-448f-bd7f-b28100f367b4,25.00,20.00,,TRUE,TRUE,TRUE
WHITE LEATHER BEDSIDE WITH BUILT IN RECHARGEABLE POP UP BLUETOOTH SPEAKER,No Bid,Unknown,Unknown,Unknown,Unknown,Unknown,[],https://www.i-bidder.com/en-gb/auction-catalogues/eamagroup/catalogue-id-eama-g10626/lot-d61cfdf8-1c20-40a4-9402-b27e0002df4c,0,0,,,,
GOBOX VL300 LED VIDEO LIGHT,No Bid,Unknown,Unknown,Unknown,Unknown,Unknown,[],https://www.i-bidder.com/en-gb/auction-catalogues/ncm/catalogue-id-ncm-au11115/lot-3e62100b-2a58-4daf-a58b-b24f01105ac7,0,0,,,,
"RRP £60.00 DELONGHI NESCAFÉ DOLCE GUSTO INFINISSIMA POD CAPSULE COFFEE MACHINE, ESPRESSO, CAPPUC",No Bid,Unknown,Unknown,Unknown,Unknown,Unknown,[],https://www.i-bidder.com/en-gb/auction-catalogues/coreva/catalogue-id-coreva11288/lot-78f21bab-e390-4c81-ba06-b27d00b74736,0,0,,,,
"BRAND NEW ZEBRA DS2208 CORDED HANDHELD 1D/2D IMAGER BARCODE SCANNER RRP £129, 2D BARCODES HAVE",No Bid,Unknown,Unknown,Unknown,Unknown,Unknown,[],https://www.i-bidder.com/en-gb/auction-catalogues/supremeauctions/catalogue-id-suprem14924/lot-a129aa21-6ae6-4e53-8bc7-b27a01760619,0,0,,,,
RRP £398.00 AEG QX9-1-ANIM 2IN1 CORDLESS VACUUM CLEANER/BAGLESS/PET HAIR NOZZLE & ACCESSORY SET/UP,No Bid,Unknown,Unknown,Unknown,Unknown,Unknown,[],https://www.i-bidder.com/en-gb/auction-catalogues/coreva/catalogue-id-coreva11286/lot-9ddf99e7-0b51-4427-8d21-b27400f95e1f,0,0,,,,
Unknown,No Bid,Unknown,Unknown,Unknown,Unknown,Unknown,[],https://www.i-bidder.com/en-gb/auction-catalogues/william-george-auctions,0,0,,,,
CANON EFS 18-135MM CAMERA LENS,No Bid,Unknown,Unknown,Unknown,Unknown,Unknown,[],https://www.i-bidder.com/en-gb/auction-catalogues/ncm/catalogue-id-ncm-au11115/lot-fbb239a1-5b53-416b-ae00-b24f01105a52,0,0,,,,
JOB LOT 25 X IDEAL OF SWEDEN APPLE & SAMSUNG HIGH QUALITY MOBILE PHONE CASES RRP £750,No Bid,Unknown,Unknown,Unknown,Unknown,Unknown,[],https://www.i-bidder.com/en-gb/auction-catalogues/william-george-auctions/catalogue-id-wi416231/lot-24b736c4-00cc-4437-9667-b28300a0c48b,0,0,,,,
2 X PHILLIPS PERFECT CARE ELITE 1.8L IRONS,No Bid,Unknown,Unknown,Unknown,Unknown,Unknown,[],https://www.i-bidder.com/en-gb/auction-catalogues/eddisons/catalogue-id-eddiso12232/lot-a6e14db5-eaba-488d-9f35-b27b00b44c9a,0,0,,,,
JOB LOT 25 X IDEAL OF SWEDEN APPLE & SAMSUNG HIGH QUALITY MOBILE PHONE CLUTCH BAGS RRP £1000,No Bid,Unknown,Unknown,Unknown,Unknown,Unknown,[],https://www.i-bidder.com/en-gb/auction-catalogues/william-george-auctions/catalogue-id-wi416231/lot-1d929554-faa4-4dea-ae69-b28300a0c863,0,0,,,,
JOB LOT 100 X IDEAL OF SWEDEN APPLE & SAMSUNG HIGH QUALITY MOBILE PHONE CASES RRP £3000,No Bid,Unknown,Unknown,Unknown,Unknown,Unknown,[],https://www.i-bidder.com/en-gb/auction-catalogues/william-george-auctions/catalogue-id-wi416231/lot-f39c1abe-dc5f-4145-bace-b28300a0e902,0,0,,,,
"RRP £209.00 TOSHIBA SMART TV 32"" FULL HD 32LK3C63DA, 32-INCH TV WITH INTEGRATED ALEXA, COMPATIBLE",No Bid,Unknown,Unknown,Unknown,Unknown,Unknown,[],https://www.i-bidder.com/en-gb/auction-catalogues/coreva/catalogue-id-coreva11296/lot-1e23c34a-1b0b-457d-9c18-b27d00d9d09c,0,0,,,,
BLACK LEATHER BEDSIDE WITH BUILT IN RECHARGEABLE POP UP BLUETOOTH SPEAKER,No Bid,Unknown,Unknown,Unknown,Unknown,Unknown,[],https://www.i-bidder.com/en-gb/auction-catalogues/eamagroup/catalogue-id-eama-g10626/lot-42986a49-74a7-44f2-b3fd-b27d0188f358,0,0,,,,
RRP £75.00 JABRA ELITE ACTIVE 65T - TRUE WIRELESS IN-EAR SPORTS HEADPHONES WITH PASSIVE NOISE CAN,No Bid,Unknown,Unknown,Unknown,Unknown,Unknown,[],https://www.i-bidder.com/en-gb/auction-catalogues/coreva/catalogue-id-coreva11292/lot-52a1db6c-721f-4743-970d-b27d00d5fd29,0,0,,,,
HP OFFICEJET PRO 8132E ALL-IN-ONE WIRELESS PRINTER WITH TOUCH SCREEN - ER22,No Bid,Unknown,Unknown,Unknown,Unknown,Unknown,[],https://www.i-bidder.com/en-gb/auction-catalogues/supremeauctions/catalogue-id-suprem14931/lot-3bdb9ab9-754b-4f1a-87ab-b27d00d8cd18,0,0,,,,
WHITE LEATHER BEDSIDE WITH BUILT IN RECHARGEABLE POP UP BLUETOOTH SPEAKER,No Bid,Unknown,Unknown,Unknown,Unknown,Unknown,[],https://www.i-bidder.com/en-gb/auction-catalogues/eamagroup/catalogue-id-eama-g10626/lot-eda0f45c-2764-4975-8810-b27d018965c8,0,0,,,,
"REFURBISHED BOXED HISENSE 2.1 CH 240W SOUNDBAR HS2100 - DTS VIRTUAL X, SUBWOOFER, HDMI ARC,",No Bid,Unknown,Unknown,Unknown,Unknown,Unknown,[],https://www.i-bidder.com/en-gb/auction-catalogues/supremeauctions/catalogue-id-suprem14954/lot-134ddf2f-e1fd-4348-ab1e-b27f015d84d8,0,0,,,,
RANGEMASTER RDXD18SS/C FRENCH STYLE FRIDGE FREEZER NON ICE & WATER – STAINLESS STEEL. - B/L. RRP £,No Bid,Unknown,Unknown,Unknown,Unknown,Unknown,[],https://www.i-bidder.com/en-gb/auction-catalogues/supremeauctions/catalogue-id-suprem14888/lot-ad48bb24-0915-44d8-abd4-b27500e1e429,0,0,,,,
"RRP £123.00 JABRA PRO 920 AND PRO 930 REPLACEMENT MONO DECT HEADSET (WITHOUT WEARING OPTION), BLAC",No Bid,Unknown,Unknown,Unknown,Unknown,Unknown,[],https://www.i-bidder.com/en-gb/auction-catalogues/coreva/catalogue-id-coreva11286/lot-0a5babe7-1be8-41f7-89ca-b27400f96267,0,0,,,,
JOB LOT 50 X IDEAL OF SWEDEN APPLE & SAMSUNG HIGH QUALITY MOBILE PHONE CASES RRP £1500,No Bid,Unknown,Unknown,Unknown,Unknown,Unknown,[],https://www.i-bidder.com/en-gb/auction-catalogues/william-george-auctions/catalogue-id-wi416231/lot-f6e3730d-41b6-4426-b868-b28300a105e5,0,0,,,,
RRP £82.00 MICROSOFT SCULPT ERGONOMIC KEYBOARD (GERMAN QWERTZ-LAYOUT),No Bid,Unknown,Unknown,Unknown,Unknown,Unknown,[],https://www.i-bidder.com/en-gb/auction-catalogues/coreva/catalogue-id-coreva11298/lot-1218ea45-ef50-42f3-b4c6-b28300ea4285,0,0,,,,
HARMIN MODERN 160CM TV STAND CABINET UNIT WITH HIGH GLOSS DOORS (BLACK ON BLACK),No Bid,Unknown,Unknown,Unknown,Unknown,Unknown,[],https://www.i-bidder.com/en-gb/auction-catalogues/eamagroup/catalogue-id-eama-g10626/lot-dd5bb598-de7a-445a-8181-b27d0187f384,0,0,,,,
"20 X BRAND NEW ZEBRA DS2208 CORDED HANDHELD 1D/2D IMAGER BARCODE SCANNER RRP £129, 2D BARCODES",No Bid,Unknown,Unknown,Unknown,Unknown,Unknown,[],https://www.i-bidder.com/en-gb/auction-catalogues/supremeauctions/catalogue-id-suprem14924/lot-94d1e903-f123-42b6-910f-b27a01760619,0,0,,,,
Unknown,No Bid,Unknown,Unknown,Unknown,Unknown,Unknown,[],https://www.i-bidder.com/en-gb/auction-catalogues/coreva,0,0,,,,
RRP £456.00 APC BY SCHNEIDER ELECTRIC ENERGY-SAVING UPS PRO - BR1500GI - UNINTERRUPTIBLE POWER SUP,No Bid,Unknown,Unknown,Unknown,Unknown,Unknown,[],https://www.i-bidder.com/en-gb/auction-catalogues/coreva/catalogue-id-coreva11297/lot-0cf01e6d-3517-445e-b52a-b28200c319c4,0,0,,,,
REFURBISHED BOXED HISENSE AX5125H 5.1.2 CHANNEL 500W DOLBY ATMOS SOUNDBAR WITH WIRELESS SUBWOOFER,No Bid,Unknown,Unknown,Unknown,Unknown,Unknown,[],https://www.i-bidder.com/en-gb/auction-catalogues/supremeauctions/catalogue-id-suprem14954/lot-9c2fc415-a8b5-4aa5-b99e-b27f015d84d8,0,0,,,,
"HISENSE PUREFLAT RF540N4WFE FRIDGE FREEZER. - B/L. RRP £1,299.00. TIRED OF ALWAYS HAVING TO",No Bid,Unknown,Unknown,Unknown,Unknown,Unknown,[],https://www.i-bidder.com/en-gb/auction-catalogues/supremeauctions/catalogue-id-suprem14888/lot-37e5b9a9-8a49-41b0-a115-b27500e1e429,0,0,,,,
"RRP £141.00 HOUSE OF MARLEY STIR IT UP RECORD PLAYER (NON-BLUETOOTH)  VINYL TURNTABLE, STEREO P",No Bid,Unknown,Unknown,Unknown,Unknown,Unknown,[],https://www.i-bidder.com/en-gb/auction-catalogues/coreva/catalogue-id-coreva11296/lot-8738e081-6106-4723-8fa5-b27d00d9d518,0,0,,,,
REFURBISHED BOXED TRADE LOT 5 X HISENSE HS214 2.1 ALL-IN-ONE SOUND BAR. RRP £199 EACH. (ROW5.5).,No Bid,Unknown,Unknown,Unknown,Unknown,Unknown,[],https://www.i-bidder.com/en-gb/auction-catalogues/supremeauctions/catalogue-id-suprem14954/lot-5195659d-43d5-4b33-9499-b27f015d84d8,0,0,,,,
"HISENSE PUREFLAT INFINITE RS818N4IIE AMERICAN-STYLE SMART FRIDGE FREEZER. - B/L. RRP £1,359.00.",No Bid,Unknown,Unknown,Unknown,Unknown,Unknown,[],https://www.i-bidder.com/en-gb/auction-catalogues/supremeauctions/catalogue-id-suprem14888/lot-4334955c-0036-4777-8840-b27500e1e429,0,0,,,,
JOB LOT 25 X IDEAL OF SWEDEN APPLE & SAMSUNG HIGH QUALITY MOBILE PHONE CLUTCH BAGS RRP £1500,No Bid,Unknown,Unknown,Unknown,Unknown,Unknown,[],https://www.i-bidder.com/en-gb/auction-catalogues/william-george-auctions/catalogue-id-wi416231/lot-57544755-5677-45fd-b2c3-b28300a0d537,0,0,,,,
WHITE LEATHER BEDSIDE WITH BUILT IN RECHARGEABLE POP UP BLUETOOTH SPEAKER,No Bid,Unknown,Unknown,Unknown,Unknown,Unknown,[],https://www.i-bidder.com/en-gb/auction-catalogues/eamagroup/catalogue-id-eama-g10626/lot-4c66a177-34eb-40e4-b467-b27d01894fc3,0,0,,,,
"RRP £138.00 ROBOT VACUUM CLEANER, FLOOR CLEANER, LASER NAVIGATION, WITH APP, BLACK, VG RVC 3002 BK",No Bid,Unknown,Unknown,Unknown,Unknown,Unknown,[],https://www.i-bidder.com/en-gb/auction-catalogues/coreva/catalogue-id-coreva11287/lot-d3570224-5648-43f6-b10e-b27400f7c4fb,0,0,,,,
"BLACK 35"" TOWER FAN - ER32",No Bid,Unknown,Unknown,Unknown,Unknown,Unknown,[],https://www.i-bidder.com/en-gb/auction-catalogues/supremeauctions/catalogue-id-suprem14931/lot-fbb7575c-2063-4ea4-bb43-b27d00d8cd05,0,0,,,,
SALTER EK6153 3-IN-1 DIGITAL EGG COOKER. -LEBR,No Bid,Unknown,Unknown,Unknown,Unknown,Unknown,[],https://www.i-bidder.com/en-gb/auction-catalogues/supremeauctions/catalogue-id-suprem14965/lot-97b8b83c-2da9-45ba-8957-b2800106ef06,0,0,,,,
SACHTLER TRIPOD WITH FSB 6 0407 HEAD,No Bid,Unknown,Unknown,Unknown,Unknown,Unknown,[],https://www.i-bidder.com/en-gb/auction-catalogues/ncm/catalogue-id-ncm-au11115/lot-9ed682e2-a6e0-4712-b332-b24f01106fa1,0,0,,,,
"20 X BRAND NEW ZEBRA DS2208 CORDED HANDHELD 1D/2D IMAGER BARCODE SCANNER RRP £129, 2D BARCODES",No Bid,Unknown,Unknown,Unknown,Unknown,Unknown,[],https://www.i-bidder.com/en-gb/auction-catalogues/supremeauctions/catalogue-id-suprem14924/lot-23a732b9-5b94-40df-88c0-b27a01760619,0,0,,,,
"RRP £3085.00 1 PALLET OF ELECTRONICS & MORE BY GIGASET, HD, JBL, PANASONIC & MORE/1558-TL",No Bid,Unknown,Unknown,Unknown,Unknown,Unknown,[],https://www.i-bidder.com/en-gb/auction-catalogues/coreva/catalogue-id-coreva11293/lot-0a2c9bef-73e3-4840-b5d1-b28300e5605d,0,0,,,,
"RRP - £3100, 1 PALLET OF ELECTRONICS & MORE BY NINTENDO, LOGITECH, PANASONIC & MORE/1558-TL",No Bid,Unknown,Unknown,Unknown,Unknown,Unknown,[],https://www.i-bidder.com/en-gb/auction-catalogues/william-george-auctions/catalogue-id-wi416207/lot-470be0f1-bb55-4fe2-a121-b27c00e5b226,0,0,,,,
HARMIN MODERN 160CM TV STAND CABINET UNIT WITH HIGH GLOSS DOORS (BLACK ON BLACK),No Bid,Unknown,Unknown,Unknown,Unknown,Unknown,[],https://www.i-bidder.com/en-gb/auction-catalogues/eamagroup/catalogue-id-eama-g10626/lot-5afa39c4-7b5f-465e-9376-b27d018806f9,0,0,,,,
BLACK LEATHER BEDSIDE WITH BUILT IN RECHARGEABLE POP UP BLUETOOTH SPEAKER,No Bid,Unknown,Unknown,Unknown,Unknown,Unknown,[],https://www.i-bidder.com/en-gb/auction-catalogues/eamagroup/catalogue-id-eama-g10626/lot-e7424d30-d38c-46b3-95a3-b27d0188edc6,0,0,,,,
"RRP £189.00 HAMA DAB RADIO INTERNET RADIO WITH CD PLAYER & DAB+ DIR3510SCBTX (DIGITAL RADIO WLAN,",No Bid,Unknown,Unknown,Unknown,Unknown,Unknown,[],https://www.i-bidder.com/en-gb/auction-catalogues/coreva/catalogue-id-coreva11296/lot-d81e6aca-fcc9-4d14-859d-b27d00d9c8b4,0,0,,,,
"RRP £279.00 HP LASERJET NEVERSTOP 1202NW 5HG93A, A4 MULTIFUNCTION PRINTER WITH QUICK REFILL TONER",No Bid,Unknown,Unknown,Unknown,Unknown,Unknown,[],https://www.i-bidder.com/en-gb/auction-catalogues/coreva/catalogue-id-coreva11296/lot-11973ae9-fc24-4708-8293-b27d00d9cab8,0,0,,,,
"LARGE PALLET OF BOXED HIGH-END KITCHEN & APPLIANCES STOCK – MAY INCLUDE: AIR FRYERS, ELECTRIC CLOTHS",No Bid,Unknown,Unknown,Unknown,Unknown,Unknown,[],https://www.i-bidder.com/en-gb/auction-catalogues/supremeauctions/catalogue-id-suprem14937/lot-2d3af175-1f73-4c7c-8e74-b27d00b06550,0,0,,,,
Unknown,No Bid,Unknown,Unknown,Unknown,Unknown,Unknown,[],https://www.i-bidder.com/en-gb/auction-catalogues/eamagroup,0,0,,,,
HARMIN MODERN 160CM TV STAND CABINET UNIT WITH HIGH GLOSS DOORS (BLACK ON BLACK),No Bid,Unknown,Unknown,Unknown,Unknown,Unknown,[],https://www.i-bidder.com/en-gb/auction-catalogues/eamagroup/catalogue-id-eama-g10626/lot-3f3a94a7-787e-4aa2-a60b-b27d0187e9d1,0,0,,,,
"LARGE PALLET OF HIGH END PRINTERS TO INCLUDE; CANON, HP AND MORE IN VARIOUS MODELS, MAY INCLUDE XP-",No Bid,Unknown,Unknown,Unknown,Unknown,Unknown,[],https://www.i-bidder.com/en-gb/auction-catalogues/supremeauctions/catalogue-id-suprem14914/lot-8de9a581-1a15-4bd4-9386-b27c008fcd9c,0,0,,,,
"ITEM HAS BEEN WITHDRAWN, APOLOGIES FOR ANY INCONVENIENCE",No Bid,Unknown,Unknown,Unknown,Unknown,Unknown,[],https://www.i-bidder.com/en-gb/auction-catalogues/william-george-auctions/catalogue-id-wi416207/lot-b27847f4-e1f8-4c31-a7dd-b27c00e60ab9,0,0,,,,
BEKO QBSE222X BUILT-IN MULTIFUNCTION OVEN. - R9BW. RRP £329.00.,No Bid,Unknown,Unknown,Unknown,Unknown,Unknown,[],https://www.i-bidder.com/en-gb/auction-catalogues/supremeauctions/catalogue-id-suprem14935/lot-7f0e2fb8-68eb-4b64-9df3-b28201023cad,0,0,,,,
"LARGE PALLET OF HIGH END PRINTERS TO INCLUDE; CANON, HP AND MORE IN VARIOUS MODELS, MAY INCLUDE XP-",No Bid,Unknown,Unknown,Unknown,Unknown,Unknown,[],https://www.i-bidder.com/en-gb/auction-catalogues/supremeauctions/catalogue-id-suprem14914/lot-bf0756cb-20d2-4fb0-8c89-b27c008fcd9c,0,0,,,,
"REFURBISHED BOXED HISENSE SOUNDBAR HS3100-6-SPEAKER SURROUND SOUND SYSTEM, 480W TOTAL OUTPUT POWER,",No Bid,Unknown,Unknown,Unknown,Unknown,Unknown,[],https://www.i-bidder.com/en-gb/auction-catalogues/supremeauctions/catalogue-id-suprem14954/lot-b3700765-bc6e-46dd-bd43-b27f015d84d8,0,0,,,,
WHITE LEATHER BEDSIDE WITH BUILT IN RECHARGEABLE POP UP BLUETOOTH SPEAKER,No Bid,Unknown,Unknown,Unknown,Unknown,Unknown,[],https://www.i-bidder.com/en-gb/auction-catalogues/eamagroup/catalogue-id-eama-g10626/lot-c1ef9190-5124-4981-b7e0-b27d0189146d,0,0,,,,
BLACK LEATHER BEDSIDE WITH BUILT IN RECHARGEABLE POP UP BLUETOOTH SPEAKER,No Bid,Unknown,Unknown,Unknown,Unknown,Unknown,[],https://www.i-bidder.com/en-gb/auction-catalogues/eamagroup/catalogue-id-eama-g10626/lot-0ef8a3bd-ead1-4f5e-8cfa-b27d0188e799,0,0,,,,
RRP £159.00 APPLE AIRPODS (3RD GENERATION) WITH LIGHTNING CHARGING CASE (2022),No Bid,Unknown,Unknown,Unknown,Unknown,Unknown,[],https://www.i-bidder.com/en-gb/auction-catalogues/coreva/catalogue-id-coreva11296/lot-03626e40-bd28-4f0e-8797-b27d00d9cf51,0,0,,,,
RRP £287.00 CORSAIR K100 AIR WIRELESS RGB ULTRA-THIN MECHANICAL GAMING KEYBOARD - CHERRY MX LOW PR,No Bid,Unknown,Unknown,Unknown,Unknown,Unknown,[],https://www.i-bidder.com/en-gb/auction-catalogues/coreva/catalogue-id-coreva11296/lot-622d0a1a-364c-4b71-8e00-b27d00d9cc02,0,0,,,,
PROLECTRIX MODEL SB719640 VINYL/CD/CASSETTE PLAYER,No Bid,Unknown,Unknown,Unknown,Unknown,Unknown,[],https://www.i-bidder.com/en-gb/auction-catalogues/coreva/catalogue-id-coreva11291/lot-aa2c1e05-9e7e-4025-be6f-b27d00d2849d,0,0,,,,
Unknown,No Bid,Unknown,Unknown,Unknown,Unknown,Unknown,[],https://www.i-bidder.com/en-gb/auction-catalogues/vfauctions,0,0,,,,
SALTER ASPEN 1300W STAND MIXER. - LEBR.,No Bid,Unknown,Unknown,Unknown,Unknown,Unknown,[],https://www.i-bidder.com/en-gb/auction-catalogues/supremeauctions/catalogue-id-suprem14965/lot-3b1c4930-8c5e-4c72-9ff4-b2800106ef0b,0,0,,,,
"RRP £277.00 HP SMART TANK 7305 ALL-IN-ONE PRINTER - COLOR INKJET - 3 YEARS OF INK INCLUDED (COPY,",No Bid,Unknown,Unknown,Unknown,Unknown,Unknown,[],https://www.i-bidder.com/en-gb/auction-catalogues/coreva/catalogue-id-coreva11297/lot-93fc5223-0325-4694-8fbc-b28200c31a96,0,0,,,,
MAYTAG MTD09WH/1 TUMBLE DRYER,No Bid,Unknown,Unknown,Unknown,Unknown,Unknown,[],https://www.i-bidder.com/en-gb/auction-catalogues/eddisons/catalogue-id-eddiso12232/lot-c5450947-1871-4daa-8658-b27b00b44ce8,0,0,,,,
DG60FAK LAND ROVERDISCOVERY 4 DIESEL SW - 3.0 TDV6 XS 5DR AUTO FIRST REGISTERED: 08/09/2010. MOT,No Bid,Unknown,Unknown,Unknown,Unknown,Unknown,[],https://www.i-bidder.com/en-gb/auction-catalogues/supremeauctions/catalogue-id-suprem14850/lot-29132fbb-9f47-447a-9b95-b27a0108b755,0,0,,,,
"BELDRAY BEL0820 ULTRA CERAMIC STEAM IRON WITH DUAL SOLEPLATE TECHNOLOGY, 3100 W, 300 ML,. - BW.",No Bid,Unknown,Unknown,Unknown,Unknown,Unknown,[],https://www.i-bidder.com/en-gb/auction-catalogues/supremeauctions/catalogue-id-suprem14914/lot-fa36c08a-a43c-43a7-92a4-b27a01071125,0,0,,,,
"BRAND NEW ZEBRA DS2208 CORDED HANDHELD 1D/2D IMAGER BARCODE SCANNER RRP £129, 2D BARCODES HAVE",No Bid,Unknown,Unknown,Unknown,Unknown,Unknown,[],https://www.i-bidder.com/en-gb/auction-catalogues/supremeauctions/catalogue-id-suprem14924/lot-f2228b65-bdfc-48c2-b563-b27a0176061a,0,0,,,,
"RRP £159.00 SOMFY 9028474 - CONNECTIVITY MODULE - TO CONNECT THE V350, V500 OR V500 PRO IO INTERCO",No Bid,Unknown,Unknown,Unknown,Unknown,Unknown,[],https://www.i-bidder.com/en-gb/auction-catalogues/coreva/catalogue-id-coreva11298/lot-f398e54c-1024-425e-a5b3-b28300ea3e1e,0,0,,,,
RRP £292.00 THRUSTMASTER T248 RACING WHEEL FORCE FEEDBACK AND MAGNETIC PEDALS - PS5 / PS4 / PC,No Bid,Unknown,Unknown,Unknown,Unknown,Unknown,[],https://www.i-bidder.com/en-gb/auction-catalogues/coreva/catalogue-id-coreva11297/lot-1bf206c1-fec6-4bfd-8f54-b28200c31b02,0,0,,,,
Unknown,No Bid,Unknown,Unknown,Unknown,Unknown,Unknown,[],https://www.i-bidder.com/en-gb/auction-catalogues/supremeauctions,0,0,,,,
APPLE IMAC 27” 5K (2019) OS SONOMA INTEL CORE I9-9900K (8 CORE) 24GB DDR4 500GB SSD OFFICE,No Bid,Unknown,Unknown,Unknown,Unknown,Unknown,[],https://www.i-bidder.com/en-gb/auction-catalogues/william-george-auctions/catalogue-id-wi416217/lot-1c37ec26-ae73-489b-ba05-b27400da706c,0,0,,,,
GOPRO EXTENSION POLE WATERPROOF SHUTTER REMOTE,19,20,16 GBP - 30 GBP,Unknown,"Bidding ends:
17 Feb 2025 12:00 GMT",GoPro Extension Pole Waterproof Shutter Remote,['https://portal-images.azureedge.net/auctions-2025/vf-auc10599/images/241d4948-6936-4c61-8fce-b27b00aa98cd.jpg?w=540&h=360'],https://www.i-bidder.com/en-gb/auction-catalogues/vfauctions/catalogue-id-vf-auc10599/lot-3f4d0d7b-69b6-4060-8095-b27b00a3917e,25.00,20.00,,TRUE,TRUE,TRUE
DELL LATITUDE 5175 WINDOWS 11 PRO 10.8” INTEL M5-6Y57 4GB DDR4 128GB SSD HDMI WEBCAM OFFICE,No Bid,Unknown,Unknown,Unknown,Unknown,Unknown,[],https://www.i-bidder.com/en-gb/auction-catalogues/william-george-auctions/catalogue-id-wi416217/lot-032ccfcf-fde1-43f2-b846-b27400da87db,0,0,,,,
GOPRO EXTENSION POLE + WATERPROOF SHUTTER REMOTE,20,25,20 GBP - 30 GBP,Unknown,"Bidding ends:
24 Feb 2025 12:00 GMT",GoPro Extension Pole + Waterproof Shutter Remote,['https://portal-images.azureedge.net/auctions-2025/vf-auc10601/images/a979fa79-d15f-486f-9e1e-b28100f8e1e3.jpg?w=540&h=360'],https://www.i-bidder.com/en-gb/auction-catalogues/vfauctions/catalogue-id-vf-auc10601/lot-7804d7d4-f77e-48b1-96cd-b28100f34fe5,25.00,20.00,,TRUE,TRUE,TRUE
WHITE LEATHER BEDSIDE WITH BUILT IN RECHARGEABLE POP UP BLUETOOTH SPEAKER,No Bid,Unknown,Unknown,Unknown,Unknown,Unknown,[],https://www.i-bidder.com/en-gb/auction-catalogues/eamagroup/catalogue-id-eama-g10626/lot-0bf7f737-ec9e-4b7b-a201-b27d018928e6,0,0,,,,
"RRP £283.00 ELECTROLUX PURE Q9, CORDLESS STICK VACUUM CLEANER, 2-IN-1, LIGHTWEIGHT AND POWERFUL, L",No Bid,Unknown,Unknown,Unknown,Unknown,Unknown,[],https://www.i-bidder.com/en-gb/auction-catalogues/coreva/catalogue-id-coreva11287/lot-58f03e68-ab36-4aa4-8246-b27400f7c3c9,0,0,,,,
"MICROSOFT SURFACE GO TYPE COVER, BLACK. BOX DAMAGED",None,16,16 GBP - 30 GBP,Unknown,"Bidding ends:
17 Feb 2025 12:01 GMT","Microsoft Surface Go Type Cover, Black. Box damaged",['https://portal-images.azureedge.net/auctions-2025/vf-auc10599/images/6786bc0d-6026-43b9-a4ee-b27b00aa9bac.jpg?w=540&h=360'],https://www.i-bidder.com/en-gb/auction-catalogues/vfauctions/catalogue-id-vf-auc10599/lot-66e39f1e-65ea-483d-9075-b27b00a39532,25.00,20.00,,TRUE,TRUE,TRUE
"NUMATIC HENRY NRV200-22 VACUUM CLEANER, AND QUANTITY OF FILTER BAGS",No Bid,Unknown,Unknown,Unknown,Unknown,Unknown,[],https://www.i-bidder.com/en-gb/auction-catalogues/eddisons/catalogue-id-eddiso12232/lot-1232acb5-4433-4bc0-86a4-b27b00b44d3e,0,0,,,,
"RRP - £3710, 1 PALLET OF ELECTRONICS & MORE BY BEATS, EMPORIA, GIGASET, PANASONIC & MORE/1618-WQ",No Bid,Unknown,Unknown,Unknown,Unknown,Unknown,[],https://www.i-bidder.com/en-gb/auction-catalogues/william-george-auctions/catalogue-id-wi416207/lot-795a867a-74b4-4386-b4a4-b27c00e5b3bb,0,0,,,,
DIMPLEX OPTIMYST 2000W MATT BLACK CAST IRON EFFECT ELECTRIC STOVE. - PWBW.,No Bid,Unknown,Unknown,Unknown,Unknown,Unknown,[],https://www.i-bidder.com/en-gb/auction-catalogues/supremeauctions/catalogue-id-suprem14935/lot-687b6302-f1fd-4120-a07a-b28201023ca3,0,0,,,,
Unknown,No Bid,Unknown,Unknown,Unknown,Unknown,Unknown,[],https://www.i-bidder.com/en-gb/auction-catalogues/coreva/catalogue-id-coreva11287/lot-45a8703a-2ba0-45c2-8134-b27400f7c690,0,0,,,,
HARMIN MODERN 160CM TV STAND CABINET UNIT WITH HIGH GLOSS DOORS (BLACK ON BLACK),No Bid,Unknown,Unknown,Unknown,Unknown,Unknown,[],https://www.i-bidder.com/en-gb/auction-catalogues/eamagroup/catalogue-id-eama-g10626/lot-ddbed468-5479-430d-a276-b27d018810d1,0,0,,,,
"CANON PIXMA TS3350 WIRELESS COLOUR ALL IN ONE INKJET PHOTO PRINTER, BLACK - ER22",No Bid,Unknown,Unknown,Unknown,Unknown,Unknown,[],https://www.i-bidder.com/en-gb/auction-catalogues/supremeauctions/catalogue-id-suprem14931/lot-47ea97b5-3455-4f13-ad62-b27d00d8cd13,0,0,,,,
"TOWER T17039 XPRESS PRO 5-IN-1 DIGITAL AIR FRYER OVEN WITH RAPID AIR CIRCULATION, 60-MINUTE TIMER,",No Bid,Unknown,Unknown,Unknown,Unknown,Unknown,[],https://www.i-bidder.com/en-gb/auction-catalogues/supremeauctions/catalogue-id-suprem14914/lot-d7f32093-def7-4e54-b93e-b27a01071118,0,0,,,,
"LARGE PALLET OF HIGH END PRINTERS TO INCLUDE; CANON, HP AND MORE IN VARIOUS MODELS, MAY INCLUDE XP-",No Bid,Unknown,Unknown,Unknown,Unknown,Unknown,[],https://www.i-bidder.com/en-gb/auction-catalogues/supremeauctions/catalogue-id-suprem14914/lot-5d1d6316-a2c8-4e8e-b766-b27c008fcda1,0,0,,,,
"2 X BLACK+DECKER | WALLPAPER STEAMER STRIPPER WITH PAD, 2400 W. - EBRF",No Bid,Unknown,Unknown,Unknown,Unknown,Unknown,[],https://www.i-bidder.com/en-gb/auction-catalogues/supremeauctions/catalogue-id-suprem14914/lot-3d621980-6f15-46cf-9fb3-b27a01071118,0,0,,,,
RRP £84.00 SCS SENTINEL WIRED VIDEO INTERCOM PRIM'VISIOFIRST 4.3 PVF0050 WHITE,No Bid,Unknown,Unknown,Unknown,Unknown,Unknown,[],https://www.i-bidder.com/en-gb/auction-catalogues/coreva/catalogue-id-coreva11294/lot-07063bb6-905c-42b7-8094-b27d00d86aa6,0,0,,,,
STEELSERIES ARCTIS 1 - COMPATIBLE WITH ALL PLATFORMS - DETACHABLE CLEARCAST MICROPHONE,No Bid,Unknown,Unknown,Unknown,Unknown,Unknown,[],https://www.i-bidder.com/en-gb/auction-catalogues/coreva/catalogue-id-coreva11291/lot-66493f24-2c4c-4ab8-a0de-b27d00d295a4,0,0,,,,
BLACK LEATHER BEDSIDE WITH BUILT IN RECHARGEABLE POP UP BLUETOOTH SPEAKER,No Bid,Unknown,Unknown,Unknown,Unknown,Unknown,[],https://www.i-bidder.com/en-gb/auction-catalogues/eamagroup/catalogue-id-eama-g10626/lot-6ba80e1e-6904-4818-a44c-b27d0189092a,0,0,,,,
"BELDRAY BEL0820 ULTRA CERAMIC STEAM IRON WITH DUAL SOLEPLATE TECHNOLOGY, 3100 W, 300 ML,. - BW.",No Bid,Unknown,Unknown,Unknown,Unknown,Unknown,[],https://www.i-bidder.com/en-gb/auction-catalogues/supremeauctions/catalogue-id-suprem14914/lot-4b18bb58-3583-4387-a24b-b27a01071125,0,0,,,,
PAIR OF ELINCHROM D-LITE RX ONE STUDIO LIGHTS,No Bid,Unknown,Unknown,Unknown,Unknown,Unknown,[],https://www.i-bidder.com/en-gb/auction-catalogues/ncm/catalogue-id-ncm-au11115/lot-1c0477cb-3915-4ef3-9287-b24f01105ca4,0,0,,,,
Unknown,No Bid,Unknown,Unknown,Unknown,Unknown,Unknown,[],https://www.i-bidder.com/en-gb/auction-catalogues/eddisons,0,0,,,,
Unknown,No Bid,Unknown,Unknown,Unknown,Unknown,Unknown,[],https://www.i-bidder.com/en-gb/auction-catalogues/ncm,0,0,,,,
LENOVO IDEAPAD 330S WINDOWS 11 15.6” AMD RYZEN 3 4GB DDR4 1TB HD RADEON VEGA HDMI WEBCAM,No Bid,Unknown,Unknown,Unknown,Unknown,Unknown,[],https://www.i-bidder.com/en-gb/auction-catalogues/william-george-auctions/catalogue-id-wi416217/lot-918c5adc-c2b4-4904-80f2-b27400da9354,0,0,,,,
REFURBISHED BOXED HISENSE AX5100G 5.1 CHANNEL 340W DOBLY ATMOS SOUNDBAR WITH WIRELESS SUBWOOFER. -,No Bid,Unknown,Unknown,Unknown,Unknown,Unknown,[],https://www.i-bidder.com/en-gb/auction-catalogues/supremeauctions/catalogue-id-suprem14954/lot-e8964b14-7070-4453-a85f-b27f015d84d8,0,0,,,,
RRP £213.00 APPLE AIRPODS PRO (1. GENERATION) WITH MAGSAFE CHARGING CASE (2021),No Bid,Unknown,Unknown,Unknown,Unknown,Unknown,[],https://www.i-bidder.com/en-gb/auction-catalogues/coreva/catalogue-id-coreva11297/lot-b606a67e-75f1-4a45-8648-b28200c31cdc,0,0,,,,
RRP £99.00 JBL TUNE 125 TWS IN-EAR BLUETOOTH HEADPHONES IN BLUE - WIRELESS EARPHONES WITH BUILT-I,No Bid,Unknown,Unknown,Unknown,Unknown,Unknown,[],https://www.i-bidder.com/en-gb/auction-catalogues/coreva/catalogue-id-coreva11294/lot-6e91ff44-dd36-4b7a-879b-b27d00d86814,0,0,,,,
"FIRST STOP MEMORY BLU PAT TESTER, TO CASE",No Bid,Unknown,Unknown,Unknown,Unknown,Unknown,[],https://www.i-bidder.com/en-gb/auction-catalogues/eddisons/catalogue-id-eddiso12232/lot-ad9eb351-b0bc-4c70-951c-b27b00b44900,0,0,,,,
"HISENSE 55A6GTUK (55 INCH) UNBOXED 4K UHD SMART TV, WITH DOLBY VISION HDR, DTS VIRTUAL X, YOUTUBE,",No Bid,Unknown,Unknown,Unknown,Unknown,Unknown,[],https://www.i-bidder.com/en-gb/auction-catalogues/supremeauctions/catalogue-id-suprem14721/lot-65574e68-d927-49fe-829f-b282008541c9,0,0,,,,
WHITE LEATHER BEDSIDE WITH BUILT IN RECHARGEABLE POP UP BLUETOOTH SPEAKER,No Bid,Unknown,Unknown,Unknown,Unknown,Unknown,[],https://www.i-bidder.com/en-gb/auction-catalogues/eamagroup/catalogue-id-eama-g10626/lot-12e1ed7b-29db-4f6f-a790-b27d0188d1d5,0,0,,,,
"LARGE PALLET OF UNBOXED HIGH-END KITCHEN & APPLIANCES STOCK – MAY INCLUDE: AIR FRYERS, ELECTRIC",No Bid,Unknown,Unknown,Unknown,Unknown,Unknown,[],https://www.i-bidder.com/en-gb/auction-catalogues/supremeauctions/catalogue-id-suprem14937/lot-eb45f2d4-1ed0-4f0e-8c86-b27d00b06550,0,0,,,,
"ACER NITRO 5 LAPTOP, AMD RYZEN 7 5800H, 16GB RAM, 256GB SSD, UK KEYBOARD, NO OS INSTALLED. USED, WIT",130,140,130 GBP - 150 GBP,Unknown,"Bidding ends:
24 Feb 2025 12:05 GMT","Acer Nitro 5 Laptop, AMD Ryzen 7 5800H, 16GB RAM, 256GB SSD, UK Keyboard, No OS Installed. Used, with Power Supply, No Box Or Other Accessories. RRP £500",['https://portal-images.azureedge.net/auctions-2025/vf-auc10601/images/4b99fa6f-f63d-4078-9b13-b28100f8f29b.jpg?w=540&h=360'],https://www.i-bidder.com/en-gb/auction-catalogues/vfauctions/catalogue-id-vf-auc10601/lot-61258ddd-7638-42ca-8ba4-b28100f36108,25.00,20.00,,TRUE,TRUE,TRUE
PROFESSIONAL A3 SCANNER EPSON GT-15000 - FLATBED SCANNER HIGH RESOLUTION,No Bid,Unknown,Unknown,Unknown,Unknown,Unknown,[],https://www.i-bidder.com/en-gb/auction-catalogues/william-george-auctions/catalogue-id-wi416217/lot-d62e7917-9af3-4cf9-a912-b27400daa5b2,0,0,,,,
"LENOVO THINKPAD X1 YOGA GEN 8 LAPTOP, 13TH GEN INTEL CORE I7-1355U, 16GB RAM, 512GB SSD, WINDOWS 11.",None,500,500 GBP - 600 GBP,Unknown,"Bidding ends:
24 Feb 2025 12:07 GMT","Lenovo ThinkPad X1 Yoga Gen 8 Laptop, 13th Gen Intel Core I7-1355U, 16GB RAM, 512GB SSD, Windows 11. New, Box Opened. RRP £2015",['https://portal-images.azureedge.net/auctions-2025/vf-auc10601/images/a149f622-50e7-462d-b9ab-b28100f8f8c1.jpg?w=540&h=360'],https://www.i-bidder.com/en-gb/auction-catalogues/vfauctions/catalogue-id-vf-auc10601/lot-03b080ed-2987-448f-bd7f-b28100f367b4,25.00,20.00,,TRUE,TRUE,TRUE
WHITE LEATHER BEDSIDE WITH BUILT IN RECHARGEABLE POP UP BLUETOOTH SPEAKER,No Bid,Unknown,Unknown,Unknown,Unknown,Unknown,[],https://www.i-bidder.com/en-gb/auction-catalogues/eamagroup/catalogue-id-eama-g10626/lot-d61cfdf8-1c20-40a4-9402-b27e0002df4c,0,0,,,,
GOBOX VL300 LED VIDEO LIGHT,No Bid,Unknown,Unknown,Unknown,Unknown,Unknown,[],https://www.i-bidder.com/en-gb/auction-catalogues/ncm/catalogue-id-ncm-au11115/lot-3e62100b-2a58-4daf-a58b-b24f01105ac7,0,0,,,,
"RRP £60.00 DELONGHI NESCAFÉ DOLCE GUSTO INFINISSIMA POD CAPSULE COFFEE MACHINE, ESPRESSO, CAPPUC",No Bid,Unknown,Unknown,Unknown,Unknown,Unknown,[],https://www.i-bidder.com/en-gb/auction-catalogues/coreva/catalogue-id-coreva11288/lot-78f21bab-e390-4c81-ba06-b27d00b74736,0,0,,,,
"BRAND NEW ZEBRA DS2208 CORDED HANDHELD 1D/2D IMAGER BARCODE SCANNER RRP £129, 2D BARCODES HAVE",No Bid,Unknown,Unknown,Unknown,Unknown,Unknown,[],https://www.i-bidder.com/en-gb/auction-catalogues/supremeauctions/catalogue-id-suprem14924/lot-a129aa21-6ae6-4e53-8bc7-b27a01760619,0,0,,,,
RRP £398.00 AEG QX9-1-ANIM 2IN1 CORDLESS VACUUM CLEANER/BAGLESS/PET HAIR NOZZLE & ACCESSORY SET/UP,No Bid,Unknown,Unknown,Unknown,Unknown,Unknown,[],https://www.i-bidder.com/en-gb/auction-catalogues/coreva/catalogue-id-coreva11286/lot-9ddf99e7-0b51-4427-8d21-b27400f95e1f,0,0,,,,
Unknown,No Bid,Unknown,Unknown,Unknown,Unknown,Unknown,[],https://www.i-bidder.com/en-gb/auction-catalogues/william-george-auctions,0,0,,,,
CANON EFS 18-135MM CAMERA LENS,No Bid,Unknown,Unknown,Unknown,Unknown,Unknown,[],https://www.i-bidder.com/en-gb/auction-catalogues/ncm/catalogue-id-ncm-au11115/lot-fbb239a1-5b53-416b-ae00-b24f01105a52,0,0,,,,
JOB LOT 25 X IDEAL OF SWEDEN APPLE & SAMSUNG HIGH QUALITY MOBILE PHONE CASES RRP £750,No Bid,Unknown,Unknown,Unknown,Unknown,Unknown,[],https://www.i-bidder.com/en-gb/auction-catalogues/william-george-auctions/catalogue-id-wi416231/lot-24b736c4-00cc-4437-9667-b28300a0c48b,0,0,,,,
2 X PHILLIPS PERFECT CARE ELITE 1.8L IRONS,No Bid,Unknown,Unknown,Unknown,Unknown,Unknown,[],https://www.i-bidder.com/en-gb/auction-catalogues/eddisons/catalogue-id-eddiso12232/lot-a6e14db5-eaba-488d-9f35-b27b00b44c9a,0,0,,,,
JOB LOT 25 X IDEAL OF SWEDEN APPLE & SAMSUNG HIGH QUALITY MOBILE PHONE CLUTCH BAGS RRP £1000,No Bid,Unknown,Unknown,Unknown,Unknown,Unknown,[],https://www.i-bidder.com/en-gb/auction-catalogues/william-george-auctions/catalogue-id-wi416231/lot-1d929554-faa4-4dea-ae69-b28300a0c863,0,0,,,,
JOB LOT 100 X IDEAL OF SWEDEN APPLE & SAMSUNG HIGH QUALITY MOBILE PHONE CASES RRP £3000,No Bid,Unknown,Unknown,Unknown,Unknown,Unknown,[],https://www.i-bidder.com/en-gb/auction-catalogues/william-george-auctions/catalogue-id-wi416231/lot-f39c1abe-dc5f-4145-bace-b28300a0e902,0,0,,,,
"RRP £209.00 TOSHIBA SMART TV 32"" FULL HD 32LK3C63DA, 32-INCH TV WITH INTEGRATED ALEXA, COMPATIBLE",No Bid,Unknown,Unknown,Unknown,Unknown,Unknown,[],https://www.i-bidder.com/en-gb/auction-catalogues/coreva/catalogue-id-coreva11296/lot-1e23c34a-1b0b-457d-9c18-b27d00d9d09c,0,0,,,,
BLACK LEATHER BEDSIDE WITH BUILT IN RECHARGEABLE POP UP BLUETOOTH SPEAKER,No Bid,Unknown,Unknown,Unknown,Unknown,Unknown,[],https://www.i-bidder.com/en-gb/auction-catalogues/eamagroup/catalogue-id-eama-g10626/lot-42986a49-74a7-44f2-b3fd-b27d0188f358,0,0,,,,
RRP £75.00 JABRA ELITE ACTIVE 65T - TRUE WIRELESS IN-EAR SPORTS HEADPHONES WITH PASSIVE NOISE CAN,No Bid,Unknown,Unknown,Unknown,Unknown,Unknown,[],https://www.i-bidder.com/en-gb/auction-catalogues/coreva/catalogue-id-coreva11292/lot-52a1db6c-721f-4743-970d-b27d00d5fd29,0,0,,,,
HP OFFICEJET PRO 8132E ALL-IN-ONE WIRELESS PRINTER WITH TOUCH SCREEN - ER22,No Bid,Unknown,Unknown,Unknown,Unknown,Unknown,[],https://www.i-bidder.com/en-gb/auction-catalogues/supremeauctions/catalogue-id-suprem14931/lot-3bdb9ab9-754b-4f1a-87ab-b27d00d8cd18,0,0,,,,
WHITE LEATHER BEDSIDE WITH BUILT IN RECHARGEABLE POP UP BLUETOOTH SPEAKER,No Bid,Unknown,Unknown,Unknown,Unknown,Unknown,[],https://www.i-bidder.com/en-gb/auction-catalogues/eamagroup/catalogue-id-eama-g10626/lot-eda0f45c-2764-4975-8810-b27d018965c8,0,0,,,,
"REFURBISHED BOXED HISENSE 2.1 CH 240W SOUNDBAR HS2100 - DTS VIRTUAL X, SUBWOOFER, HDMI ARC,",No Bid,Unknown,Unknown,Unknown,Unknown,Unknown,[],https://www.i-bidder.com/en-gb/auction-catalogues/supremeauctions/catalogue-id-suprem14954/lot-134ddf2f-e1fd-4348-ab1e-b27f015d84d8,0,0,,,,
RANGEMASTER RDXD18SS/C FRENCH STYLE FRIDGE FREEZER NON ICE & WATER – STAINLESS STEEL. - B/L. RRP £,No Bid,Unknown,Unknown,Unknown,Unknown,Unknown,[],https://www.i-bidder.com/en-gb/auction-catalogues/supremeauctions/catalogue-id-suprem14888/lot-ad48bb24-0915-44d8-abd4-b27500e1e429,0,0,,,,
"RRP £123.00 JABRA PRO 920 AND PRO 930 REPLACEMENT MONO DECT HEADSET (WITHOUT WEARING OPTION), BLAC",No Bid,Unknown,Unknown,Unknown,Unknown,Unknown,[],https://www.i-bidder.com/en-gb/auction-catalogues/coreva/catalogue-id-coreva11286/lot-0a5babe7-1be8-41f7-89ca-b27400f96267,0,0,,,,
JOB LOT 50 X IDEAL OF SWEDEN APPLE & SAMSUNG HIGH QUALITY MOBILE PHONE CASES RRP £1500,No Bid,Unknown,Unknown,Unknown,Unknown,Unknown,[],https://www.i-bidder.com/en-gb/auction-catalogues/william-george-auctions/catalogue-id-wi416231/lot-f6e3730d-41b6-4426-b868-b28300a105e5,0,0,,,,
RRP £82.00 MICROSOFT SCULPT ERGONOMIC KEYBOARD (GERMAN QWERTZ-LAYOUT),No Bid,Unknown,Unknown,Unknown,Unknown,Unknown,[],https://www.i-bidder.com/en-gb/auction-catalogues/coreva/catalogue-id-coreva11298/lot-1218ea45-ef50-42f3-b4c6-b28300ea4285,0,0,,,,
HARMIN MODERN 160CM TV STAND CABINET UNIT WITH HIGH GLOSS DOORS (BLACK ON BLACK),No Bid,Unknown,Unknown,Unknown,Unknown,Unknown,[],https://www.i-bidder.com/en-gb/auction-catalogues/eamagroup/catalogue-id-eama-g10626/lot-dd5bb598-de7a-445a-8181-b27d0187f384,0,0,,,,
"20 X BRAND NEW ZEBRA DS2208 CORDED HANDHELD 1D/2D IMAGER BARCODE SCANNER RRP £129, 2D BARCODES",No Bid,Unknown,Unknown,Unknown,Unknown,Unknown,[],https://www.i-bidder.com/en-gb/auction-catalogues/supremeauctions/catalogue-id-suprem14924/lot-94d1e903-f123-42b6-910f-b27a01760619,0,0,,,,
Unknown,No Bid,Unknown,Unknown,Unknown,Unknown,Unknown,[],https://www.i-bidder.com/en-gb/auction-catalogues/coreva,0,0,,,,
RRP £456.00 APC BY SCHNEIDER ELECTRIC ENERGY-SAVING UPS PRO - BR1500GI - UNINTERRUPTIBLE POWER SUP,No Bid,Unknown,Unknown,Unknown,Unknown,Unknown,[],https://www.i-bidder.com/en-gb/auction-catalogues/coreva/catalogue-id-coreva11297/lot-0cf01e6d-3517-445e-b52a-b28200c319c4,0,0,,,,
REFURBISHED BOXED HISENSE AX5125H 5.1.2 CHANNEL 500W DOLBY ATMOS SOUNDBAR WITH WIRELESS SUBWOOFER,No Bid,Unknown,Unknown,Unknown,Unknown,Unknown,[],https://www.i-bidder.com/en-gb/auction-catalogues/supremeauctions/catalogue-id-suprem14954/lot-9c2fc415-a8b5-4aa5-b99e-b27f015d84d8,0,0,,,,
"HISENSE PUREFLAT RF540N4WFE FRIDGE FREEZER. - B/L. RRP £1,299.00. TIRED OF ALWAYS HAVING TO",No Bid,Unknown,Unknown,Unknown,Unknown,Unknown,[],https://www.i-bidder.com/en-gb/auction-catalogues/supremeauctions/catalogue-id-suprem14888/lot-37e5b9a9-8a49-41b0-a115-b27500e1e429,0,0,,,,
"RRP £141.00 HOUSE OF MARLEY STIR IT UP RECORD PLAYER (NON-BLUETOOTH)  VINYL TURNTABLE, STEREO P",No Bid,Unknown,Unknown,Unknown,Unknown,Unknown,[],https://www.i-bidder.com/en-gb/auction-catalogues/coreva/catalogue-id-coreva11296/lot-8738e081-6106-4723-8fa5-b27d00d9d518,0,0,,,,
REFURBISHED BOXED TRADE LOT 5 X HISENSE HS214 2.1 ALL-IN-ONE SOUND BAR. RRP £199 EACH. (ROW5.5).,No Bid,Unknown,Unknown,Unknown,Unknown,Unknown,[],https://www.i-bidder.com/en-gb/auction-catalogues/supremeauctions/catalogue-id-suprem14954/lot-5195659d-43d5-4b33-9499-b27f015d84d8,0,0,,,,
"HISENSE PUREFLAT INFINITE RS818N4IIE AMERICAN-STYLE SMART FRIDGE FREEZER. - B/L. RRP £1,359.00.",No Bid,Unknown,Unknown,Unknown,Unknown,Unknown,[],https://www.i-bidder.com/en-gb/auction-catalogues/supremeauctions/catalogue-id-suprem14888/lot-4334955c-0036-4777-8840-b27500e1e429,0,0,,,,
JOB LOT 25 X IDEAL OF SWEDEN APPLE & SAMSUNG HIGH QUALITY MOBILE PHONE CLUTCH BAGS RRP £1500,No Bid,Unknown,Unknown,Unknown,Unknown,Unknown,[],https://www.i-bidder.com/en-gb/auction-catalogues/william-george-auctions/catalogue-id-wi416231/lot-57544755-5677-45fd-b2c3-b28300a0d537,0,0,,,,
WHITE LEATHER BEDSIDE WITH BUILT IN RECHARGEABLE POP UP BLUETOOTH SPEAKER,No Bid,Unknown,Unknown,Unknown,Unknown,Unknown,[],https://www.i-bidder.com/en-gb/auction-catalogues/eamagroup/catalogue-id-eama-g10626/lot-4c66a177-34eb-40e4-b467-b27d01894fc3,0,0,,,,
"RRP £138.00 ROBOT VACUUM CLEANER, FLOOR CLEANER, LASER NAVIGATION, WITH APP, BLACK, VG RVC 3002 BK",No Bid,Unknown,Unknown,Unknown,Unknown,Unknown,[],https://www.i-bidder.com/en-gb/auction-catalogues/coreva/catalogue-id-coreva11287/lot-d3570224-5648-43f6-b10e-b27400f7c4fb,0,0,,,,
"BLACK 35"" TOWER FAN - ER32",No Bid,Unknown,Unknown,Unknown,Unknown,Unknown,[],https://www.i-bidder.com/en-gb/auction-catalogues/supremeauctions/catalogue-id-suprem14931/lot-fbb7575c-2063-4ea4-bb43-b27d00d8cd05,0,0,,,,
SALTER EK6153 3-IN-1 DIGITAL EGG COOKER. -LEBR,No Bid,Unknown,Unknown,Unknown,Unknown,Unknown,[],https://www.i-bidder.com/en-gb/auction-catalogues/supremeauctions/catalogue-id-suprem14965/lot-97b8b83c-2da9-45ba-8957-b2800106ef06,0,0,,,,
SACHTLER TRIPOD WITH FSB 6 0407 HEAD,No Bid,Unknown,Unknown,Unknown,Unknown,Unknown,[],https://www.i-bidder.com/en-gb/auction-catalogues/ncm/catalogue-id-ncm-au11115/lot-9ed682e2-a6e0-4712-b332-b24f01106fa1,0,0,,,,
"20 X BRAND NEW ZEBRA DS2208 CORDED HANDHELD 1D/2D IMAGER BARCODE SCANNER RRP £129, 2D BARCODES",No Bid,Unknown,Unknown,Unknown,Unknown,Unknown,[],https://www.i-bidder.com/en-gb/auction-catalogues/supremeauctions/catalogue-id-suprem14924/lot-23a732b9-5b94-40df-88c0-b27a01760619,0,0,,,,
"RRP £3085.00 1 PALLET OF ELECTRONICS & MORE BY GIGASET, HD, JBL, PANASONIC & MORE/1558-TL",No Bid,Unknown,Unknown,Unknown,Unknown,Unknown,[],https://www.i-bidder.com/en-gb/auction-catalogues/coreva/catalogue-id-coreva11293/lot-0a2c9bef-73e3-4840-b5d1-b28300e5605d,0,0,,,,
"RRP - £3100, 1 PALLET OF ELECTRONICS & MORE BY NINTENDO, LOGITECH, PANASONIC & MORE/1558-TL",No Bid,Unknown,Unknown,Unknown,Unknown,Unknown,[],https://www.i-bidder.com/en-gb/auction-catalogues/william-george-auctions/catalogue-id-wi416207/lot-470be0f1-bb55-4fe2-a121-b27c00e5b226,0,0,,,,
HARMIN MODERN 160CM TV STAND CABINET UNIT WITH HIGH GLOSS DOORS (BLACK ON BLACK),No Bid,Unknown,Unknown,Unknown,Unknown,Unknown,[],https://www.i-bidder.com/en-gb/auction-catalogues/eamagroup/catalogue-id-eama-g10626/lot-5afa39c4-7b5f-465e-9376-b27d018806f9,0,0,,,,
BLACK LEATHER BEDSIDE WITH BUILT IN RECHARGEABLE POP UP BLUETOOTH SPEAKER,No Bid,Unknown,Unknown,Unknown,Unknown,Unknown,[],https://www.i-bidder.com/en-gb/auction-catalogues/eamagroup/catalogue-id-eama-g10626/lot-e7424d30-d38c-46b3-95a3-b27d0188edc6,0,0,,,,
"RRP £189.00 HAMA DAB RADIO INTERNET RADIO WITH CD PLAYER & DAB+ DIR3510SCBTX (DIGITAL RADIO WLAN,",No Bid,Unknown,Unknown,Unknown,Unknown,Unknown,[],https://www.i-bidder.com/en-gb/auction-catalogues/coreva/catalogue-id-coreva11296/lot-d81e6aca-fcc9-4d14-859d-b27d00d9c8b4,0,0,,,,
"RRP £279.00 HP LASERJET NEVERSTOP 1202NW 5HG93A, A4 MULTIFUNCTION PRINTER WITH QUICK REFILL TONER",No Bid,Unknown,Unknown,Unknown,Unknown,Unknown,[],https://www.i-bidder.com/en-gb/auction-catalogues/coreva/catalogue-id-coreva11296/lot-11973ae9-fc24-4708-8293-b27d00d9cab8,0,0,,,,
"LARGE PALLET OF BOXED HIGH-END KITCHEN & APPLIANCES STOCK – MAY INCLUDE: AIR FRYERS, ELECTRIC CLOTHS",No Bid,Unknown,Unknown,Unknown,Unknown,Unknown,[],https://www.i-bidder.com/en-gb/auction-catalogues/supremeauctions/catalogue-id-suprem14937/lot-2d3af175-1f73-4c7c-8e74-b27d00b06550,0,0,,,,
Unknown,No Bid,Unknown,Unknown,Unknown,Unknown,Unknown,[],https://www.i-bidder.com/en-gb/auction-catalogues/eamagroup,0,0,,,,
HARMIN MODERN 160CM TV STAND CABINET UNIT WITH HIGH GLOSS DOORS (BLACK ON BLACK),No Bid,Unknown,Unknown,Unknown,Unknown,Unknown,[],https://www.i-bidder.com/en-gb/auction-catalogues/eamagroup/catalogue-id-eama-g10626/lot-3f3a94a7-787e-4aa2-a60b-b27d0187e9d1,0,0,,,,
"LARGE PALLET OF HIGH END PRINTERS TO INCLUDE; CANON, HP AND MORE IN VARIOUS MODELS, MAY INCLUDE XP-",No Bid,Unknown,Unknown,Unknown,Unknown,Unknown,[],https://www.i-bidder.com/en-gb/auction-catalogues/supremeauctions/catalogue-id-suprem14914/lot-8de9a581-1a15-4bd4-9386-b27c008fcd9c,0,0,,,,
"ITEM HAS BEEN WITHDRAWN, APOLOGIES FOR ANY INCONVENIENCE",No Bid,Unknown,Unknown,Unknown,Unknown,Unknown,[],https://www.i-bidder.com/en-gb/auction-catalogues/william-george-auctions/catalogue-id-wi416207/lot-b27847f4-e1f8-4c31-a7dd-b27c00e60ab9,0,0,,,,
BEKO QBSE222X BUILT-IN MULTIFUNCTION OVEN. - R9BW. RRP £329.00.,No Bid,Unknown,Unknown,Unknown,Unknown,Unknown,[],https://www.i-bidder.com/en-gb/auction-catalogues/supremeauctions/catalogue-id-suprem14935/lot-7f0e2fb8-68eb-4b64-9df3-b28201023cad,0,0,,,,
"LARGE PALLET OF HIGH END PRINTERS TO INCLUDE; CANON, HP AND MORE IN VARIOUS MODELS, MAY INCLUDE XP-",No Bid,Unknown,Unknown,Unknown,Unknown,Unknown,[],https://www.i-bidder.com/en-gb/auction-catalogues/supremeauctions/catalogue-id-suprem14914/lot-bf0756cb-20d2-4fb0-8c89-b27c008fcd9c,0,0,,,,
"REFURBISHED BOXED HISENSE SOUNDBAR HS3100-6-SPEAKER SURROUND SOUND SYSTEM, 480W TOTAL OUTPUT POWER,",No Bid,Unknown,Unknown,Unknown,Unknown,Unknown,[],https://www.i-bidder.com/en-gb/auction-catalogues/supremeauctions/catalogue-id-suprem14954/lot-b3700765-bc6e-46dd-bd43-b27f015d84d8,0,0,,,,
WHITE LEATHER BEDSIDE WITH BUILT IN RECHARGEABLE POP UP BLUETOOTH SPEAKER,No Bid,Unknown,Unknown,Unknown,Unknown,Unknown,[],https://www.i-bidder.com/en-gb/auction-catalogues/eamagroup/catalogue-id-eama-g10626/lot-c1ef9190-5124-4981-b7e0-b27d0189146d,0,0,,,,
BLACK LEATHER BEDSIDE WITH BUILT IN RECHARGEABLE POP UP BLUETOOTH SPEAKER,No Bid,Unknown,Unknown,Unknown,Unknown,Unknown,[],https://www.i-bidder.com/en-gb/auction-catalogues/eamagroup/catalogue-id-eama-g10626/lot-0ef8a3bd-ead1-4f5e-8cfa-b27d0188e799,0,0,,,,
RRP £159.00 APPLE AIRPODS (3RD GENERATION) WITH LIGHTNING CHARGING CASE (2022),No Bid,Unknown,Unknown,Unknown,Unknown,Unknown,[],https://www.i-bidder.com/en-gb/auction-catalogues/coreva/catalogue-id-coreva11296/lot-03626e40-bd28-4f0e-8797-b27d00d9cf51,0,0,,,,
RRP £287.00 CORSAIR K100 AIR WIRELESS RGB ULTRA-THIN MECHANICAL GAMING KEYBOARD - CHERRY MX LOW PR,No Bid,Unknown,Unknown,Unknown,Unknown,Unknown,[],https://www.i-bidder.com/en-gb/auction-catalogues/coreva/catalogue-id-coreva11296/lot-622d0a1a-364c-4b71-8e00-b27d00d9cc02,0,0,,,,
PROLECTRIX MODEL SB719640 VINYL/CD/CASSETTE PLAYER,No Bid,Unknown,Unknown,Unknown,Unknown,Unknown,[],https://www.i-bidder.com/en-gb/auction-catalogues/coreva/catalogue-id-coreva11291/lot-aa2c1e05-9e7e-4025-be6f-b27d00d2849d,0,0,,,,
Unknown,No Bid,Unknown,Unknown,Unknown,Unknown,Unknown,[],https://www.i-bidder.com/en-gb/auction-catalogues/vfauctions,0,0,,,,
SALTER ASPEN 1300W STAND MIXER. - LEBR.,No Bid,Unknown,Unknown,Unknown,Unknown,Unknown,[],https://www.i-bidder.com/en-gb/auction-catalogues/supremeauctions/catalogue-id-suprem14965/lot-3b1c4930-8c5e-4c72-9ff4-b2800106ef0b,0,0,,,,
"RRP £277.00 HP SMART TANK 7305 ALL-IN-ONE PRINTER - COLOR INKJET - 3 YEARS OF INK INCLUDED (COPY,",No Bid,Unknown,Unknown,Unknown,Unknown,Unknown,[],https://www.i-bidder.com/en-gb/auction-catalogues/coreva/catalogue-id-coreva11297/lot-93fc5223-0325-4694-8fbc-b28200c31a96,0,0,,,,
MAYTAG MTD09WH/1 TUMBLE DRYER,No Bid,Unknown,Unknown,Unknown,Unknown,Unknown,[],https://www.i-bidder.com/en-gb/auction-catalogues/eddisons/catalogue-id-eddiso12232/lot-c5450947-1871-4daa-8658-b27b00b44ce8,0,0,,,,
DG60FAK LAND ROVERDISCOVERY 4 DIESEL SW - 3.0 TDV6 XS 5DR AUTO FIRST REGISTERED: 08/09/2010. MOT,No Bid,Unknown,Unknown,Unknown,Unknown,Unknown,[],https://www.i-bidder.com/en-gb/auction-catalogues/supremeauctions/catalogue-id-suprem14850/lot-29132fbb-9f47-447a-9b95-b27a0108b755,0,0,,,,
"BELDRAY BEL0820 ULTRA CERAMIC STEAM IRON WITH DUAL SOLEPLATE TECHNOLOGY, 3100 W, 300 ML,. - BW.",No Bid,Unknown,Unknown,Unknown,Unknown,Unknown,[],https://www.i-bidder.com/en-gb/auction-catalogues/supremeauctions/catalogue-id-suprem14914/lot-fa36c08a-a43c-43a7-92a4-b27a01071125,0,0,,,,
"BRAND NEW ZEBRA DS2208 CORDED HANDHELD 1D/2D IMAGER BARCODE SCANNER RRP £129, 2D BARCODES HAVE",No Bid,Unknown,Unknown,Unknown,Unknown,Unknown,[],https://www.i-bidder.com/en-gb/auction-catalogues/supremeauctions/catalogue-id-suprem14924/lot-f2228b65-bdfc-48c2-b563-b27a0176061a,0,0,,,,
"RRP £159.00 SOMFY 9028474 - CONNECTIVITY MODULE - TO CONNECT THE V350, V500 OR V500 PRO IO INTERCO",No Bid,Unknown,Unknown,Unknown,Unknown,Unknown,[],https://www.i-bidder.com/en-gb/auction-catalogues/coreva/catalogue-id-coreva11298/lot-f398e54c-1024-425e-a5b3-b28300ea3e1e,0,0,,,,
RRP £292.00 THRUSTMASTER T248 RACING WHEEL FORCE FEEDBACK AND MAGNETIC PEDALS - PS5 / PS4 / PC,No Bid,Unknown,Unknown,Unknown,Unknown,Unknown,[],https://www.i-bidder.com/en-gb/auction-catalogues/coreva/catalogue-id-coreva11297/lot-1bf206c1-fec6-4bfd-8f54-b28200c31b02,0,0,,,,
Unknown,No Bid,Unknown,Unknown,Unknown,Unknown,Unknown,[],https://www.i-bidder.com/en-gb/auction-catalogues/supremeauctions,0,0,,,,
APPLE IMAC 27” 5K (2019) OS SONOMA INTEL CORE I9-9900K (8 CORE) 24GB DDR4 500GB SSD OFFICE,No Bid,Unknown,Unknown,Unknown,Unknown,Unknown,[],https://www.i-bidder.com/en-gb/auction-catalogues/william-george-auctions/catalogue-id-wi416217/lot-1c37ec26-ae73-489b-ba05-b27400da706c,0,0,,,,
GOPRO EXTENSION POLE WATERPROOF SHUTTER REMOTE,19,20,16 GBP - 30 GBP,Unknown,"Bidding ends:
17 Feb 2025 12:00 GMT",GoPro Extension Pole Waterproof Shutter Remote,['https://portal-images.azureedge.net/auctions-2025/vf-auc10599/images/241d4948-6936-4c61-8fce-b27b00aa98cd.jpg?w=540&h=360'],https://www.i-bidder.com/en-gb/auction-catalogues/vfauctions/catalogue-id-vf-auc10599/lot-3f4d0d7b-69b6-4060-8095-b27b00a3917e,,,,TRUE,TRUE,TRUE
DELL LATITUDE 5175 WINDOWS 11 PRO 10.8” INTEL M5-6Y57 4GB DDR4 128GB SSD HDMI WEBCAM OFFICE,No Bid,Unknown,Unknown,Unknown,Unknown,Unknown,[],https://www.i-bidder.com/en-gb/auction-catalogues/william-george-auctions/catalogue-id-wi416217/lot-032ccfcf-fde1-43f2-b846-b27400da87db,0,0,,,,
GOPRO EXTENSION POLE + WATERPROOF SHUTTER REMOTE,20,25,20 GBP - 30 GBP,Unknown,"Bidding ends:
24 Feb 2025 12:00 GMT",GoPro Extension Pole + Waterproof Shutter Remote,['https://portal-images.azureedge.net/auctions-2025/vf-auc10601/images/a979fa79-d15f-486f-9e1e-b28100f8e1e3.jpg?w=540&h=360'],https://www.i-bidder.com/en-gb/auction-catalogues/vfauctions/catalogue-id-vf-auc10601/lot-7804d7d4-f77e-48b1-96cd-b28100f34fe5,25.00,20.00,,TRUE,TRUE,TRUE
WHITE LEATHER BEDSIDE WITH BUILT IN RECHARGEABLE POP UP BLUETOOTH SPEAKER,No Bid,Unknown,Unknown,Unknown,Unknown,Unknown,[],https://www.i-bidder.com/en-gb/auction-catalogues/eamagroup/catalogue-id-eama-g10626/lot-0bf7f737-ec9e-4b7b-a201-b27d018928e6,0,0,,,,
RRP £125.00 APPLE AIRPODS WITH WIRED CHARGING CASE,No Bid,Unknown,Unknown,Unknown,Unknown,Unknown,[],https://www.i-bidder.com/en-gb/auction-catalogues/coreva/catalogue-id-coreva11287/lot-997db95c-e799-4ade-b4e1-b27400f7c743,0,0,,,,
MICROSOFT SURFACE PRO 7 WINDOWS 11 INTEL CORE I5-1035G4 16GB DDR4 256GB SSD WEBCAM WIFI,No Bid,Unknown,Unknown,Unknown,Unknown,Unknown,[],https://www.i-bidder.com/en-gb/auction-catalogues/william-george-auctions/catalogue-id-wi416217/lot-901803d6-724d-40c7-bb10-b27400da38b5,0,0,,,,
PALLET TO INCLUDE 100 X BRAND NEW ZEBRA DS2208 CORDED HANDHELD 1D/2D IMAGER BARCODE SCANNER RRP £,No Bid,Unknown,Unknown,Unknown,Unknown,Unknown,[],https://www.i-bidder.com/en-gb/auction-catalogues/supremeauctions/catalogue-id-suprem14924/lot-940ea737-1596-4369-a8b9-b27a01760619,0,0,,,,
"RRP £139.00 SAMSUNG GALAXY BUDS2 WIRELESS EARPHONES, GRAPHITE (UK VERSION)",No Bid,Unknown,Unknown,Unknown,Unknown,Unknown,[],https://www.i-bidder.com/en-gb/auction-catalogues/coreva/catalogue-id-coreva11295/lot-b519709c-aa08-4ea0-87aa-b28200ec39b8,0,0,,,,
HISENSE RS694N4ICF FREESTANDING AMERICAN SIDE-BY-SIDE FRIDGE FREEZER - TOTAL NO FROST - PLUMBED,No Bid,Unknown,Unknown,Unknown,Unknown,Unknown,[],https://www.i-bidder.com/en-gb/auction-catalogues/supremeauctions/catalogue-id-suprem14888/lot-b08b6c6f-0db6-49c8-855f-b27500e1e429,0,0,,,,
HARMIN MODERN 160CM TV STAND CABINET UNIT WITH HIGH GLOSS DOORS (BLACK ON BLACK),No Bid,Unknown,Unknown,Unknown,Unknown,Unknown,[],https://www.i-bidder.com/en-gb/auction-catalogues/eamagroup/catalogue-id-eama-g10626/lot-17e8c1a2-b704-4f96-8087-b27d0187fd2f,0,0,,,,
MAKITA MR007GZ 230V 12/18/40V DAB+ / FM BLUETOOTH SITE RADIO. - R13.9.,No Bid,Unknown,Unknown,Unknown,Unknown,Unknown,[],https://www.i-bidder.com/en-gb/auction-catalogues/supremeauctions/catalogue-id-suprem14917/lot-f73a84e2-f4af-405c-bede-b27d010a6aa5,0,0,,,,
BLACK LEATHER BEDSIDE WITH BUILT IN RECHARGEABLE POP UP BLUETOOTH SPEAKER,No Bid,Unknown,Unknown,Unknown,Unknown,Unknown,[],https://www.i-bidder.com/en-gb/auction-catalogues/eamagroup/catalogue-id-eama-g10626/lot-c953c924-c0dd-4d61-b566-b27d01890ee8,0,0,,,,
"RRP £256.00 BOSCH BCH3P255 FLEXXO SERIES I 4 VACUUM CLEANER RECHARGEABLE 2-IN-1 25.2 V, AUTONOMY U",No Bid,Unknown,Unknown,Unknown,Unknown,Unknown,[],https://www.i-bidder.com/en-gb/auction-catalogues/coreva/catalogue-id-coreva11295/lot-4d4000cd-da14-4c76-8531-b28200ec3806,0,0,,,,
WHITE LEATHER BEDSIDE WITH BUILT IN RECHARGEABLE POP UP BLUETOOTH SPEAKER,No Bid,Unknown,Unknown,Unknown,Unknown,Unknown,[],https://www.i-bidder.com/en-gb/auction-catalogues/eamagroup/catalogue-id-eama-g10626/lot-c8dd38a1-0c61-4e94-8ee9-b27d01893ae7,0,0,,,,
"LARGE PALLET OF HIGH END PRINTERS TO INCLUDE; CANON, HP AND MORE IN VARIOUS MODELS, MAY INCLUDE XP-",No Bid,Unknown,Unknown,Unknown,Unknown,Unknown,[],https://www.i-bidder.com/en-gb/auction-catalogues/supremeauctions/catalogue-id-suprem14914/lot-d628722a-20cf-4624-9e3a-b27c008fcd9c,0,0,,,,
"LARGE PALLET OF BOXED HIGH-END KITCHEN & APPLIANCES STOCK – MAY INCLUDE: AIR FRYERS, ELECTRIC CLOTHS",No Bid,Unknown,Unknown,Unknown,Unknown,Unknown,[],https://www.i-bidder.com/en-gb/auction-catalogues/supremeauctions/catalogue-id-suprem14937/lot-9767d2d2-1546-40d1-9682-b27d00b06550,0,0,,,,
"5 X WINDOWS 10 PRO 10 INCH TABLET 4GB RAM, 60GB HD, 1.83GHZ (REFURB) INCL CASE OFF",No Bid,Unknown,Unknown,Unknown,Unknown,Unknown,[],https://www.i-bidder.com/en-gb/auction-catalogues/william-george-auctions/catalogue-id-wi416226/lot-4c0715cc-5f2e-4745-9680-b27b00c7bf67,0,0,,,,
RRP £69.00 SOMFY 1870755 - CONNECTIVITY KIT | TO CONTROL SOMFY MOTORS AND LIGHTING WITH A SMARTPH,No Bid,Unknown,Unknown,Unknown,Unknown,Unknown,[],https://www.i-bidder.com/en-gb/auction-catalogues/coreva/catalogue-id-coreva11294/lot-ec13a691-f77a-4408-8845-b27d00d86da7,0,0,,,,
"RRP £198.00 NAVISKAUTO AUTO DVD PLAYER 2 HEADRESTS WITH 2 HEADPHONES HDMI INPUT, CAR TV FOR KIDS 1",No Bid,Unknown,Unknown,Unknown,Unknown,Unknown,[],https://www.i-bidder.com/en-gb/auction-catalogues/coreva/catalogue-id-coreva11287/lot-a499459d-da7d-42bd-a578-b27400f7c561,0,0,,,,
"FRIDGEMASTER MQ79394ES FREESTANDING AMERICAN 4 DOOR FRIDGE FREEZER 427L, TOTAL NO FROST. - B/L.",No Bid,Unknown,Unknown,Unknown,Unknown,Unknown,[],https://www.i-bidder.com/en-gb/auction-catalogues/supremeauctions/catalogue-id-suprem14888/lot-5067d20b-cd93-4d98-8115-b27500e1e429,0,0,,,,
MAKITA DHR202Z 2.9KG 18V LI-ION LXT CORDLESS SDS PLUS ROTARY HAMMER DRILL. - R13.9.,No Bid,Unknown,Unknown,Unknown,Unknown,Unknown,[],https://www.i-bidder.com/en-gb/auction-catalogues/supremeauctions/catalogue-id-suprem14917/lot-168176a2-4287-4486-8802-b27d010a6aa5,0,0,,,,
BUSH CHT101DVD 100W 5.1 DVD,No Bid,Unknown,Unknown,Unknown,Unknown,Unknown,[],https://www.i-bidder.com/en-gb/auction-catalogues/coreva/catalogue-id-coreva11295/lot-ae986afc-193c-4ff1-96ef-b28200ec3d32,0,0,,,,
BLACK LEATHER BEDSIDE WITH BUILT IN RECHARGEABLE POP UP BLUETOOTH SPEAKER,No Bid,Unknown,Unknown,Unknown,Unknown,Unknown,[],https://www.i-bidder.com/en-gb/auction-catalogues/eamagroup/catalogue-id-eama-g10626/lot-12c239ea-b3db-4135-8454-b27d01897a06,0,0,,,,
BLACK LEATHER BEDSIDE WITH BUILT IN RECHARGEABLE POP UP BLUETOOTH SPEAKER,No Bid,Unknown,Unknown,Unknown,Unknown,Unknown,[],https://www.i-bidder.com/en-gb/auction-catalogues/eamagroup/catalogue-id-eama-g10626/lot-32d5f9d9-d216-4459-826a-b27d01896077,0,0,,,,
"RRP £278.00 BOSCH CORDLESS VACUUM CLEANER ATHLET ULTIMATE BBH73260K, CORDLESS HANDHELD VACUUM CLEA",No Bid,Unknown,Unknown,Unknown,Unknown,Unknown,[],https://www.i-bidder.com/en-gb/auction-catalogues/coreva/catalogue-id-coreva11296/lot-f0de387a-a962-49db-b7c3-b27d00d9c9e9,0,0,,,,
"MORPHY RICHARDS EASY STEAM 2400W STEAM GENERATOR IRON, 1.8LITRE. BOX DAMAGED",None,30,30 GBP - 40 GBP,Unknown,"Bidding ends:
24 Feb 2025 12:30 GMT","Morphy Richards Easy Steam 2400w Steam Generator Iron, 1.8Litre. Box damaged",['https://portal-images.azureedge.net/auctions-2025/vf-auc10601/images/3430349f-ee17-494f-bf9e-b28100f94b49.jpg?w=540&h=360'],https://www.i-bidder.com/en-gb/auction-catalogues/vfauctions/catalogue-id-vf-auc10601/lot-c2f98f10-fd43-46d2-895c-b28100f3af3f,,,,TRUE,TRUE,TRUE
BLACK LEATHER BEDSIDE WITH BUILT IN RECHARGEABLE POP UP BLUETOOTH SPEAKER,No Bid,Unknown,Unknown,Unknown,Unknown,Unknown,[],https://www.i-bidder.com/en-gb/auction-catalogues/eamagroup/catalogue-id-eama-g10626/lot-5870f241-50cc-4289-b7b2-b27d018903e1,0,0,,,,
FRIDGEMASTER MQ79394EB AMERICAN FRIDGE FREEZER. - B/L. RRP £729.00. AS IT HAS A 427 LITRE,No Bid,Unknown,Unknown,Unknown,Unknown,Unknown,[],https://www.i-bidder.com/en-gb/auction-catalogues/supremeauctions/catalogue-id-suprem14888/lot-1bd2c340-8665-46bb-b71e-b27500e1e429,0,0,,,,
3 X BELDRAY BEL0820PL ULTRA CERAMIC 3100W STEAM IRON - DUAL SOLEPLATE TECHNOLOGY. - LEBR.,No Bid,Unknown,Unknown,Unknown,Unknown,Unknown,[],https://www.i-bidder.com/en-gb/auction-catalogues/supremeauctions/catalogue-id-suprem14965/lot-cbe7af76-659e-460d-9685-b2800106ef06,0,0,,,,
WHITE LEATHER BEDSIDE WITH BUILT IN RECHARGEABLE POP UP BLUETOOTH SPEAKER,No Bid,Unknown,Unknown,Unknown,Unknown,Unknown,[],https://www.i-bidder.com/en-gb/auction-catalogues/eamagroup/catalogue-id-eama-g10626/lot-6cc2d479-724c-4c45-ba47-b27e0002c2a8,0,0,,,,
ARRI T5 TUNGSTEN LIGHT,No Bid,Unknown,Unknown,Unknown,Unknown,Unknown,[],https://www.i-bidder.com/en-gb/auction-catalogues/ncm/catalogue-id-ncm-au11115/lot-176e415f-88fd-4682-9c7a-b25d0114ad0c,0,0,,,,
RRP £82.00 MICROSOFT SCULPT ERGONOMIC KEYBOARD (GERMAN QWERTZ-LAYOUT),No Bid,Unknown,Unknown,Unknown,Unknown,Unknown,[],https://www.i-bidder.com/en-gb/auction-catalogues/coreva/catalogue-id-coreva11298/lot-1218ea45-ef50-42f3-b4c6-b28300ea4285,0,0,,,,
"5 X WINDOWS 10 PRO 10 INCH TABLET 4GB RAM, 60GB HD, 1.83GHZ (REFURB) INCL CASE OFF",No Bid,Unknown,Unknown,Unknown,Unknown,Unknown,[],https://www.i-bidder.com/en-gb/auction-catalogues/william-george-auctions/catalogue-id-wi416226/lot-4c0715cc-5f2e-4745-9680-b27b00c7bf67,0,0,,,,
"RRP £159.00 SOMFY 9028474 - CONNECTIVITY MODULE - TO CONNECT THE V350, V500 OR V500 PRO IO INTERCO",No Bid,Unknown,Unknown,Unknown,Unknown,Unknown,[],https://www.i-bidder.com/en-gb/auction-catalogues/coreva/catalogue-id-coreva11298/lot-f398e54c-1024-425e-a5b3-b28300ea3e1e,0,0,,,,
"RRP £189.00 HAMA DAB RADIO INTERNET RADIO WITH CD PLAYER & DAB+ DIR3510SCBTX (DIGITAL RADIO WLAN,",No Bid,Unknown,Unknown,Unknown,Unknown,Unknown,[],https://www.i-bidder.com/en-gb/auction-catalogues/coreva/catalogue-id-coreva11296/lot-d81e6aca-fcc9-4d14-859d-b27d00d9c8b4,0,0,,,,
"RRP - £3710, 1 PALLET OF ELECTRONICS & MORE BY BEATS, EMPORIA, GIGASET, PANASONIC & MORE/1618-WQ",No Bid,Unknown,Unknown,Unknown,Unknown,Unknown,[],https://www.i-bidder.com/en-gb/auction-catalogues/william-george-auctions/catalogue-id-wi416207/lot-795a867a-74b4-4386-b4a4-b27c00e5b3bb,0,0,,,,
"BRAND NEW ZEBRA DS2208 CORDED HANDHELD 1D/2D IMAGER BARCODE SCANNER RRP £129, 2D BARCODES HAVE",No Bid,Unknown,Unknown,Unknown,Unknown,Unknown,[],https://www.i-bidder.com/en-gb/auction-catalogues/supremeauctions/catalogue-id-suprem14924/lot-a129aa21-6ae6-4e53-8bc7-b27a01760619,0,0,,,,
RRP £213.00 APPLE AIRPODS PRO (1. GENERATION) WITH MAGSAFE CHARGING CASE (2021),No Bid,Unknown,Unknown,Unknown,Unknown,Unknown,[],https://www.i-bidder.com/en-gb/auction-catalogues/coreva/catalogue-id-coreva11297/lot-b606a67e-75f1-4a45-8648-b28200c31cdc,0,0,,,,
GOPRO EXTENSION POLE + WATERPROOF SHUTTER REMOTE,20,25,20 GBP - 30 GBP,Unknown,"Bidding ends:
24 Feb 2025 12:00 GMT",GoPro Extension Pole + Waterproof Shutter Remote,['https://portal-images.azureedge.net/auctions-2025/vf-auc10601/images/a979fa79-d15f-486f-9e1e-b28100f8e1e3.jpg?w=540&h=360'],https://www.i-bidder.com/en-gb/auction-catalogues/vfauctions/catalogue-id-vf-auc10601/lot-7804d7d4-f77e-48b1-96cd-b28100f34fe5,25.00,20.00,,TRUE,TRUE,TRUE
SACHTLER TRIPOD WITH FSB 6 0407 HEAD,No Bid,Unknown,Unknown,Unknown,Unknown,Unknown,[],https://www.i-bidder.com/en-gb/auction-catalogues/ncm/catalogue-id-ncm-au11115/lot-9ed682e2-a6e0-4712-b332-b24f01106fa1,0,0,,,,
Unknown,No Bid,Unknown,Unknown,Unknown,Unknown,Unknown,[],https://www.i-bidder.com/en-gb/auction-catalogues/william-george-auctions,0,0,,,,
3 X BELDRAY BEL0820PL ULTRA CERAMIC 3100W STEAM IRON - DUAL SOLEPLATE TECHNOLOGY. - LEBR.,No Bid,Unknown,Unknown,Unknown,Unknown,Unknown,[],https://www.i-bidder.com/en-gb/auction-catalogues/supremeauctions/catalogue-id-suprem14965/lot-cbe7af76-659e-460d-9685-b2800106ef06,0,0,,,,
2400 X SILVER TELEPHONE CORD,No Bid,Unknown,Unknown,Unknown,Unknown,Unknown,[],https://www.i-bidder.com/en-gb/auction-catalogues/eamagroup/catalogue-id-eama-g10626/lot-7ab1e0f3-4655-47f6-9743-b27e005da2b6,0,0,,,,
"1344 X 3D 12"" 'PETIT COQUIN' FOAM SIGN",No Bid,Unknown,Unknown,Unknown,Unknown,Unknown,[],https://www.i-bidder.com/en-gb/auction-catalogues/eamagroup/catalogue-id-eama-g10626/lot-1e2f3b86-ff29-40eb-856a-b27e0058013a,0,0,,,,
